/*
Navicat MySQL Data Transfer

Source Server         : localhost
Source Server Version : 50538
Source Host           : localhost:3306
Source Database       : basecms_v1

Target Server Type    : MYSQL
Target Server Version : 50538
File Encoding         : 65001

Date: 2014-10-31 18:04:22
*/

SET FOREIGN_KEY_CHECKS=0;

-- ----------------------------
-- Table structure for jc_acquisition
-- ----------------------------
DROP TABLE IF EXISTS `jc_acquisition`;
CREATE TABLE `jc_acquisition` (
  `acquisition_id` int(11) NOT NULL AUTO_INCREMENT,
  `site_id` int(11) NOT NULL,
  `channel_id` int(11) NOT NULL,
  `type_id` int(11) NOT NULL,
  `user_id` int(11) NOT NULL,
  `acq_name` varchar(50) NOT NULL COMMENT '采集名称',
  `start_time` datetime DEFAULT NULL COMMENT '开始时间',
  `end_time` datetime DEFAULT NULL COMMENT '停止时间',
  `status` int(11) NOT NULL DEFAULT '0' COMMENT '当前状态(0:静止;1:采集;2:暂停)',
  `curr_num` int(11) NOT NULL DEFAULT '0' COMMENT '当前号码',
  `curr_item` int(11) NOT NULL DEFAULT '0' COMMENT '当前条数',
  `total_item` int(11) NOT NULL DEFAULT '0' COMMENT '每页总条数',
  `pause_time` int(11) NOT NULL DEFAULT '0' COMMENT '暂停时间(毫秒)',
  `page_encoding` varchar(20) NOT NULL DEFAULT 'GBK' COMMENT '页面编码',
  `plan_list` longtext COMMENT '采集列表',
  `dynamic_addr` varchar(255) DEFAULT NULL COMMENT '动态地址',
  `dynamic_start` int(11) DEFAULT NULL COMMENT '页码开始',
  `dynamic_end` int(11) DEFAULT NULL COMMENT '页码结束',
  `linkset_start` varchar(255) DEFAULT NULL COMMENT '内容链接区开始',
  `linkset_end` varchar(255) DEFAULT NULL COMMENT '内容链接区结束',
  `link_start` varchar(255) DEFAULT NULL COMMENT '内容链接开始',
  `link_end` varchar(255) DEFAULT NULL COMMENT '内容链接结束',
  `title_start` varchar(255) DEFAULT NULL COMMENT '标题开始',
  `title_end` varchar(255) DEFAULT NULL COMMENT '标题结束',
  `keywords_start` varchar(255) DEFAULT NULL COMMENT '关键字开始',
  `keywords_end` varchar(255) DEFAULT NULL COMMENT '关键字结束',
  `description_start` varchar(255) DEFAULT NULL COMMENT '描述开始',
  `description_end` varchar(255) DEFAULT NULL COMMENT '描述结束',
  `content_start` varchar(255) DEFAULT NULL COMMENT '内容开始',
  `content_end` varchar(255) DEFAULT NULL COMMENT '内容结束',
  `pagination_start` varchar(255) DEFAULT NULL COMMENT '内容分页开始',
  `pagination_end` varchar(255) DEFAULT NULL COMMENT '内容分页结束',
  `queue` int(11) NOT NULL DEFAULT '0' COMMENT '队列',
  `repeat_check_type` varchar(20) NOT NULL DEFAULT 'NONE' COMMENT '重复类型',
  `img_acqu` tinyint(1) NOT NULL DEFAULT '0' COMMENT '是否采集图片',
  `content_prefix` varchar(255) DEFAULT NULL COMMENT '内容地址补全url',
  `img_prefix` varchar(255) DEFAULT NULL COMMENT '图片地址补全url',
  `view_start` varchar(255) DEFAULT NULL COMMENT '浏览量开始',
  `view_end` varchar(255) DEFAULT NULL COMMENT '浏览量结束',
  `view_id_start` varchar(255) DEFAULT NULL COMMENT 'id前缀',
  `view_id_end` varchar(255) DEFAULT NULL COMMENT 'id后缀',
  `view_link` varchar(255) DEFAULT NULL COMMENT '浏览量动态访问地址',
  `releaseTime_start` varchar(255) DEFAULT NULL COMMENT '发布时间开始',
  `releaseTime_end` varchar(255) DEFAULT NULL COMMENT '发布时间结束',
  `author_start` varchar(255) DEFAULT NULL COMMENT '作者开始',
  `author_end` varchar(255) DEFAULT NULL COMMENT '作者结束',
  `origin_start` varchar(255) DEFAULT NULL COMMENT '来源开始',
  `origin_end` varchar(255) DEFAULT NULL COMMENT '来源结束',
  `releaseTime_format` varchar(255) DEFAULT NULL COMMENT '发布时间格式',
  PRIMARY KEY (`acquisition_id`),
  KEY `fk_jc_acquisition_channel` (`channel_id`),
  KEY `fk_jc_acquisition_contenttype` (`type_id`),
  KEY `fk_jc_acquisition_site` (`site_id`),
  KEY `fk_jc_acquisition_user` (`user_id`),
  CONSTRAINT `fk_jc_acquisition_channel` FOREIGN KEY (`channel_id`) REFERENCES `jc_channel` (`channel_id`),
  CONSTRAINT `fk_jc_acquisition_contenttype` FOREIGN KEY (`type_id`) REFERENCES `jc_content_type` (`type_id`),
  CONSTRAINT `fk_jc_acquisition_site` FOREIGN KEY (`site_id`) REFERENCES `jc_site` (`site_id`),
  CONSTRAINT `fk_jc_acquisition_user` FOREIGN KEY (`user_id`) REFERENCES `jc_user` (`user_id`)
) ENGINE=InnoDB DEFAULT CHARSET=utf8 COMMENT='CMS采集表';

-- ----------------------------
-- Records of jc_acquisition
-- ----------------------------

-- ----------------------------
-- Table structure for jc_acquisition_history
-- ----------------------------
DROP TABLE IF EXISTS `jc_acquisition_history`;
CREATE TABLE `jc_acquisition_history` (
  `history_id` int(11) NOT NULL AUTO_INCREMENT,
  `channel_url` varchar(255) NOT NULL DEFAULT '' COMMENT '栏目地址',
  `content_url` varchar(255) NOT NULL DEFAULT '' COMMENT '内容地址',
  `title` varchar(255) DEFAULT NULL COMMENT '标题',
  `description` varchar(20) NOT NULL DEFAULT '' COMMENT '描述',
  `acquisition_id` int(11) DEFAULT NULL COMMENT '采集源',
  `content_id` int(11) DEFAULT NULL COMMENT '内容',
  PRIMARY KEY (`history_id`),
  KEY `fk_acquisition_history_acquisition` (`acquisition_id`),
  CONSTRAINT `fk_jc_history_acquisition` FOREIGN KEY (`acquisition_id`) REFERENCES `jc_acquisition` (`acquisition_id`)
) ENGINE=InnoDB DEFAULT CHARSET=utf8 COMMENT='采集历史记录表';

-- ----------------------------
-- Records of jc_acquisition_history
-- ----------------------------

-- ----------------------------
-- Table structure for jc_acquisition_temp
-- ----------------------------
DROP TABLE IF EXISTS `jc_acquisition_temp`;
CREATE TABLE `jc_acquisition_temp` (
  `temp_id` int(11) NOT NULL AUTO_INCREMENT,
  `site_id` int(11) DEFAULT NULL,
  `channel_url` varchar(255) NOT NULL DEFAULT '' COMMENT '栏目地址',
  `content_url` varchar(255) NOT NULL DEFAULT '' COMMENT '内容地址',
  `title` varchar(255) DEFAULT NULL COMMENT '标题',
  `percent` int(3) NOT NULL DEFAULT '0' COMMENT '百分比',
  `description` varchar(20) NOT NULL DEFAULT '' COMMENT '描述',
  `seq` int(3) NOT NULL DEFAULT '0' COMMENT '顺序',
  PRIMARY KEY (`temp_id`),
  KEY `fk_jc_temp_site` (`site_id`),
  CONSTRAINT `fk_jc_temp_site` FOREIGN KEY (`site_id`) REFERENCES `jc_site` (`site_id`)
) ENGINE=InnoDB DEFAULT CHARSET=utf8 COMMENT='采集进度临时表';

-- ----------------------------
-- Records of jc_acquisition_temp
-- ----------------------------

-- ----------------------------
-- Table structure for jc_advertising
-- ----------------------------
DROP TABLE IF EXISTS `jc_advertising`;
CREATE TABLE `jc_advertising` (
  `advertising_id` int(11) NOT NULL AUTO_INCREMENT,
  `adspace_id` int(11) NOT NULL,
  `site_id` int(11) NOT NULL,
  `ad_name` varchar(100) NOT NULL COMMENT '广告名称',
  `category` varchar(50) NOT NULL COMMENT '广告类型',
  `ad_code` longtext COMMENT '广告代码',
  `ad_weight` int(11) NOT NULL DEFAULT '1' COMMENT '广告权重',
  `display_count` bigint(20) NOT NULL DEFAULT '0' COMMENT '展现次数',
  `click_count` bigint(20) NOT NULL DEFAULT '0' COMMENT '点击次数',
  `start_time` date DEFAULT NULL COMMENT '开始时间',
  `end_time` date DEFAULT NULL COMMENT '结束时间',
  `is_enabled` char(1) NOT NULL DEFAULT '1' COMMENT '是否启用',
  PRIMARY KEY (`advertising_id`),
  KEY `fk_jc_advertising_site` (`site_id`),
  KEY `fk_jc_space_advertising` (`adspace_id`),
  CONSTRAINT `fk_jc_advertising_site` FOREIGN KEY (`site_id`) REFERENCES `jc_site` (`site_id`)
) ENGINE=InnoDB DEFAULT CHARSET=utf8 COMMENT='CMS广告表';

-- ----------------------------
-- Records of jc_advertising
-- ----------------------------

-- ----------------------------
-- Table structure for jc_advertising_attr
-- ----------------------------
DROP TABLE IF EXISTS `jc_advertising_attr`;
CREATE TABLE `jc_advertising_attr` (
  `advertising_id` int(11) NOT NULL,
  `attr_name` varchar(50) NOT NULL COMMENT '名称',
  `attr_value` varchar(255) DEFAULT NULL COMMENT '值',
  KEY `fk_jc_params_advertising` (`advertising_id`),
  CONSTRAINT `fk_jc_params_advertising` FOREIGN KEY (`advertising_id`) REFERENCES `jc_advertising` (`advertising_id`)
) ENGINE=InnoDB DEFAULT CHARSET=utf8 COMMENT='CMS广告属性表';

-- ----------------------------
-- Records of jc_advertising_attr
-- ----------------------------

-- ----------------------------
-- Table structure for jc_advertising_space
-- ----------------------------
DROP TABLE IF EXISTS `jc_advertising_space`;
CREATE TABLE `jc_advertising_space` (
  `adspace_id` int(11) NOT NULL AUTO_INCREMENT,
  `site_id` int(11) NOT NULL,
  `ad_name` varchar(100) NOT NULL COMMENT '名称',
  `description` varchar(255) DEFAULT NULL COMMENT '描述',
  `is_enabled` char(1) NOT NULL COMMENT '是否启用',
  `rotate` char(1) DEFAULT NULL,
  PRIMARY KEY (`adspace_id`),
  KEY `fk_jc_adspace_site` (`site_id`),
  CONSTRAINT `fk_jc_adspace_site` FOREIGN KEY (`site_id`) REFERENCES `jc_site` (`site_id`)
) ENGINE=InnoDB DEFAULT CHARSET=utf8 COMMENT='CMS广告版位表';

-- ----------------------------
-- Records of jc_advertising_space
-- ----------------------------

-- ----------------------------
-- Table structure for jc_channel
-- ----------------------------
DROP TABLE IF EXISTS `jc_channel`;
CREATE TABLE `jc_channel` (
  `channel_id` int(11) NOT NULL AUTO_INCREMENT,
  `model_id` int(11) NOT NULL COMMENT '模型ID',
  `site_id` int(11) NOT NULL COMMENT '站点ID',
  `parent_id` int(11) DEFAULT NULL COMMENT '父栏目ID',
  `channel_path` varchar(30) DEFAULT NULL COMMENT '访问路径',
  `lft` int(11) NOT NULL DEFAULT '1' COMMENT '树左边',
  `rgt` int(11) NOT NULL DEFAULT '2' COMMENT '树右边',
  `priority` int(11) NOT NULL DEFAULT '10' COMMENT '排列顺序',
  `has_content` tinyint(1) NOT NULL DEFAULT '1' COMMENT '是否有内容',
  `is_display` tinyint(1) NOT NULL DEFAULT '1' COMMENT '是否显示',
  PRIMARY KEY (`channel_id`),
  KEY `fk_jc_channel_model` (`model_id`),
  KEY `fk_jc_channel_parent` (`parent_id`),
  KEY `fk_jc_channel_site` (`site_id`),
  CONSTRAINT `fk_jc_channel_model` FOREIGN KEY (`model_id`) REFERENCES `jc_model` (`model_id`),
  CONSTRAINT `fk_jc_channel_parent` FOREIGN KEY (`parent_id`) REFERENCES `jc_channel` (`channel_id`),
  CONSTRAINT `fk_jc_channel_site` FOREIGN KEY (`site_id`) REFERENCES `jc_site` (`site_id`)
) ENGINE=InnoDB AUTO_INCREMENT=59 DEFAULT CHARSET=utf8 COMMENT='CMS栏目表';

-- ----------------------------
-- Records of jc_channel
-- ----------------------------

-- ----------------------------
-- Table structure for jc_channeltag
-- ----------------------------
DROP TABLE IF EXISTS `jc_channeltag`;
CREATE TABLE `jc_channeltag` (
  `channel_id` int(11) NOT NULL,
  `tag_id` int(11) NOT NULL,
  `priority` int(11) NOT NULL,
  KEY `fk_jc_tag_channel` (`channel_id`),
  KEY `fk_jc_channel_tag` (`tag_id`),
  CONSTRAINT `fk_jc_channel_tag` FOREIGN KEY (`tag_id`) REFERENCES `jc_content_tag` (`tag_id`),
  CONSTRAINT `fk_jc_tag_channel` FOREIGN KEY (`channel_id`) REFERENCES `jc_channel` (`channel_id`)
) ENGINE=InnoDB DEFAULT CHARSET=utf8;

-- ----------------------------
-- Records of jc_channeltag
-- ----------------------------

-- ----------------------------
-- Table structure for jc_channel_attr
-- ----------------------------
DROP TABLE IF EXISTS `jc_channel_attr`;
CREATE TABLE `jc_channel_attr` (
  `channel_id` int(11) NOT NULL,
  `attr_name` varchar(30) NOT NULL COMMENT '名称',
  `attr_value` varchar(255) DEFAULT NULL COMMENT '值',
  KEY `fk_jc_attr_channel` (`channel_id`),
  CONSTRAINT `fk_jc_attr_channel` FOREIGN KEY (`channel_id`) REFERENCES `jc_channel` (`channel_id`)
) ENGINE=InnoDB DEFAULT CHARSET=utf8 COMMENT='CMS栏目扩展属性表';

-- ----------------------------
-- Records of jc_channel_attr
-- ----------------------------

-- ----------------------------
-- Table structure for jc_channel_ext
-- ----------------------------
DROP TABLE IF EXISTS `jc_channel_ext`;
CREATE TABLE `jc_channel_ext` (
  `channel_id` int(11) NOT NULL,
  `channel_name` varchar(100) NOT NULL COMMENT '名称',
  `final_step` tinyint(4) DEFAULT '2' COMMENT '终审级别',
  `after_check` tinyint(4) DEFAULT NULL COMMENT '审核后(1:不能修改删除;2:修改后退回;3:修改后不变)',
  `is_static_channel` char(1) NOT NULL DEFAULT '0' COMMENT '是否栏目静态化',
  `is_static_content` char(1) NOT NULL DEFAULT '0' COMMENT '是否内容静态化',
  `is_access_by_dir` char(1) NOT NULL DEFAULT '1' COMMENT '是否使用目录访问',
  `is_list_child` char(1) NOT NULL DEFAULT '0' COMMENT '是否使用子栏目列表',
  `page_size` int(11) NOT NULL DEFAULT '20' COMMENT '每页多少条记录',
  `channel_rule` varchar(150) DEFAULT NULL COMMENT '栏目页生成规则',
  `content_rule` varchar(150) DEFAULT NULL COMMENT '内容页生成规则',
  `link` varchar(255) DEFAULT NULL COMMENT '外部链接',
  `tpl_channel` varchar(100) DEFAULT NULL COMMENT '栏目页模板',
  `tpl_content` varchar(100) DEFAULT NULL COMMENT '内容页模板',
  `title_img` varchar(100) DEFAULT NULL COMMENT '缩略图',
  `content_img` varchar(100) DEFAULT NULL COMMENT '内容图',
  `has_title_img` tinyint(1) NOT NULL DEFAULT '0' COMMENT '内容是否有缩略图',
  `has_content_img` tinyint(1) NOT NULL DEFAULT '0' COMMENT '内容是否有内容图',
  `title_img_width` int(11) NOT NULL DEFAULT '139' COMMENT '内容标题图宽度',
  `title_img_height` int(11) NOT NULL DEFAULT '139' COMMENT '内容标题图高度',
  `content_img_width` int(11) NOT NULL DEFAULT '310' COMMENT '内容内容图宽度',
  `content_img_height` int(11) NOT NULL DEFAULT '310' COMMENT '内容内容图高度',
  `comment_control` int(11) NOT NULL DEFAULT '0' COMMENT '评论(0:匿名;1:会员;2:关闭)',
  `allow_updown` tinyint(1) NOT NULL DEFAULT '1' COMMENT '顶踩(true:开放;false:关闭)',
  `is_blank` tinyint(1) NOT NULL DEFAULT '1' COMMENT '是否新窗口打开',
  `title` varchar(255) DEFAULT NULL COMMENT 'TITLE',
  `keywords` varchar(255) DEFAULT NULL COMMENT 'KEYWORDS',
  `description` varchar(255) DEFAULT NULL COMMENT 'DESCRIPTION',
  PRIMARY KEY (`channel_id`),
  CONSTRAINT `fk_jc_ext_channel` FOREIGN KEY (`channel_id`) REFERENCES `jc_channel` (`channel_id`)
) ENGINE=InnoDB DEFAULT CHARSET=utf8 COMMENT='CMS栏目内容表';

-- ----------------------------
-- Records of jc_channel_ext
-- ----------------------------

-- ----------------------------
-- Table structure for jc_channel_model
-- ----------------------------
DROP TABLE IF EXISTS `jc_channel_model`;
CREATE TABLE `jc_channel_model` (
  `channel_id` int(11) NOT NULL,
  `model_id` int(11) NOT NULL COMMENT '模型id',
  `tpl_content` varchar(100) DEFAULT NULL COMMENT '内容模板',
  `priority` int(11) NOT NULL DEFAULT '10' COMMENT '排序',
  PRIMARY KEY (`channel_id`,`priority`),
  KEY `fk_jc_model_channel_m` (`model_id`),
  CONSTRAINT `fk_jc_channel_model_c` FOREIGN KEY (`channel_id`) REFERENCES `jc_channel` (`channel_id`),
  CONSTRAINT `fk_jc_model_channel_m` FOREIGN KEY (`model_id`) REFERENCES `jc_model` (`model_id`)
) ENGINE=InnoDB DEFAULT CHARSET=utf8 COMMENT='栏目可选内容模型表';

-- ----------------------------
-- Records of jc_channel_model
-- ----------------------------

-- ----------------------------
-- Table structure for jc_channel_txt
-- ----------------------------
DROP TABLE IF EXISTS `jc_channel_txt`;
CREATE TABLE `jc_channel_txt` (
  `channel_id` int(11) NOT NULL,
  `txt` longtext COMMENT '栏目内容',
  `txt1` longtext COMMENT '扩展内容1',
  `txt2` longtext COMMENT '扩展内容2',
  `txt3` longtext COMMENT '扩展内容3',
  PRIMARY KEY (`channel_id`),
  CONSTRAINT `fk_jc_txt_channel` FOREIGN KEY (`channel_id`) REFERENCES `jc_channel` (`channel_id`)
) ENGINE=InnoDB DEFAULT CHARSET=utf8 COMMENT='CMS栏目文本表';

-- ----------------------------
-- Records of jc_channel_txt
-- ----------------------------

-- ----------------------------
-- Table structure for jc_channel_user
-- ----------------------------
DROP TABLE IF EXISTS `jc_channel_user`;
CREATE TABLE `jc_channel_user` (
  `channel_id` int(11) NOT NULL,
  `user_id` int(11) NOT NULL,
  PRIMARY KEY (`channel_id`,`user_id`),
  KEY `fk_jc_channel_user` (`user_id`),
  CONSTRAINT `fk_jc_channel_user` FOREIGN KEY (`user_id`) REFERENCES `jc_user` (`user_id`),
  CONSTRAINT `fk_jc_user_channel` FOREIGN KEY (`channel_id`) REFERENCES `jc_channel` (`channel_id`)
) ENGINE=InnoDB DEFAULT CHARSET=utf8 COMMENT='CMS栏目用户关联表';

-- ----------------------------
-- Records of jc_channel_user
-- ----------------------------

-- ----------------------------
-- Table structure for jc_chnl_group_contri
-- ----------------------------
DROP TABLE IF EXISTS `jc_chnl_group_contri`;
CREATE TABLE `jc_chnl_group_contri` (
  `channel_id` int(11) NOT NULL,
  `group_id` int(11) NOT NULL,
  PRIMARY KEY (`channel_id`,`group_id`),
  KEY `fk_jc_channel_group_c` (`group_id`),
  CONSTRAINT `fk_jc_channel_group_c` FOREIGN KEY (`group_id`) REFERENCES `jc_group` (`group_id`),
  CONSTRAINT `fk_jc_group_channel_c` FOREIGN KEY (`channel_id`) REFERENCES `jc_channel` (`channel_id`)
) ENGINE=InnoDB DEFAULT CHARSET=utf8 COMMENT='CMS栏目投稿会员组关联表';

-- ----------------------------
-- Records of jc_chnl_group_contri
-- ----------------------------

-- ----------------------------
-- Table structure for jc_chnl_group_view
-- ----------------------------
DROP TABLE IF EXISTS `jc_chnl_group_view`;
CREATE TABLE `jc_chnl_group_view` (
  `channel_id` int(11) NOT NULL,
  `group_id` int(11) NOT NULL,
  PRIMARY KEY (`channel_id`,`group_id`),
  KEY `fk_jc_channel_group_v` (`group_id`),
  CONSTRAINT `fk_jc_channel_group_v` FOREIGN KEY (`group_id`) REFERENCES `jc_group` (`group_id`),
  CONSTRAINT `fk_jc_group_channel_v` FOREIGN KEY (`channel_id`) REFERENCES `jc_channel` (`channel_id`)
) ENGINE=InnoDB DEFAULT CHARSET=utf8 COMMENT='CMS栏目浏览会员组关联表';

-- ----------------------------
-- Records of jc_chnl_group_view
-- ----------------------------

-- ----------------------------
-- Table structure for jc_comment
-- ----------------------------
DROP TABLE IF EXISTS `jc_comment`;
CREATE TABLE `jc_comment` (
  `comment_id` int(11) NOT NULL AUTO_INCREMENT,
  `comment_user_id` int(11) DEFAULT NULL COMMENT '评论用户ID',
  `reply_user_id` int(11) DEFAULT NULL COMMENT '回复用户ID',
  `content_id` int(11) DEFAULT NULL COMMENT '内容ID',
  `site_id` int(11) NOT NULL COMMENT '站点ID',
  `create_time` datetime NOT NULL COMMENT '评论时间',
  `reply_time` datetime DEFAULT NULL COMMENT '回复时间',
  `ups` smallint(6) NOT NULL DEFAULT '0' COMMENT '支持数',
  `downs` smallint(6) NOT NULL DEFAULT '0' COMMENT '反对数',
  `is_recommend` tinyint(1) NOT NULL DEFAULT '0' COMMENT '是否推荐',
  `is_checked` tinyint(1) NOT NULL DEFAULT '0' COMMENT '是否审核',
  `attitude` smallint(6) DEFAULT NULL,
  `topic_id` int(11) DEFAULT NULL,
  PRIMARY KEY (`comment_id`),
  KEY `fk_jc_comment_content` (`content_id`),
  KEY `fk_jc_comment_reply` (`reply_user_id`),
  KEY `fk_jc_comment_site` (`site_id`),
  KEY `fk_jc_comment_user` (`comment_user_id`),
  CONSTRAINT `fk_jc_comment_content` FOREIGN KEY (`content_id`) REFERENCES `jc_content` (`content_id`),
  CONSTRAINT `fk_jc_comment_reply` FOREIGN KEY (`reply_user_id`) REFERENCES `jc_user` (`user_id`),
  CONSTRAINT `fk_jc_comment_site` FOREIGN KEY (`site_id`) REFERENCES `jc_site` (`site_id`),
  CONSTRAINT `fk_jc_comment_user` FOREIGN KEY (`comment_user_id`) REFERENCES `jc_user` (`user_id`)
) ENGINE=InnoDB DEFAULT CHARSET=utf8 COMMENT='CMS评论表';

-- ----------------------------
-- Records of jc_comment
-- ----------------------------

-- ----------------------------
-- Table structure for jc_comment_ext
-- ----------------------------
DROP TABLE IF EXISTS `jc_comment_ext`;
CREATE TABLE `jc_comment_ext` (
  `comment_id` int(11) NOT NULL,
  `ip` varchar(50) DEFAULT NULL COMMENT 'IP地址',
  `text` longtext COMMENT '评论内容',
  `reply_comment_id` int(11) DEFAULT NULL COMMENT '回复内容',
  `reply` longtext,
  KEY `fk_jc_ext_comment` (`comment_id`),
  CONSTRAINT `fk_jc_ext_comment` FOREIGN KEY (`comment_id`) REFERENCES `jc_comment` (`comment_id`)
) ENGINE=InnoDB DEFAULT CHARSET=utf8 COMMENT='CMS评论扩展表';

-- ----------------------------
-- Records of jc_comment_ext
-- ----------------------------

-- ----------------------------
-- Table structure for jc_config
-- ----------------------------
DROP TABLE IF EXISTS `jc_config`;
CREATE TABLE `jc_config` (
  `config_id` int(11) NOT NULL,
  `context_path` varchar(20) DEFAULT '/JeeCms' COMMENT '部署路径',
  `servlet_point` varchar(20) DEFAULT NULL COMMENT 'Servlet挂载点',
  `port` int(11) DEFAULT NULL COMMENT '端口',
  `db_file_uri` varchar(50) NOT NULL DEFAULT '/dbfile.svl?n=' COMMENT '数据库附件访问地址',
  `is_upload_to_db` tinyint(1) NOT NULL DEFAULT '0' COMMENT '上传附件至数据库',
  `def_img` varchar(255) NOT NULL DEFAULT '/JeeCms/r/cms/www/default/no_picture.gif' COMMENT '图片不存在时默认图片',
  `login_url` varchar(255) NOT NULL DEFAULT '/login.jspx' COMMENT '登录地址',
  `process_url` varchar(255) DEFAULT NULL COMMENT '登录后处理地址',
  `mark_on` tinyint(1) NOT NULL DEFAULT '1' COMMENT '开启图片水印',
  `mark_width` int(11) NOT NULL DEFAULT '120' COMMENT '图片最小宽度',
  `mark_height` int(11) NOT NULL DEFAULT '120' COMMENT '图片最小高度',
  `mark_image` varchar(100) DEFAULT '/r/cms/www/watermark.png' COMMENT '图片水印',
  `mark_content` varchar(100) NOT NULL DEFAULT 'www.jeecms.com' COMMENT '文字水印内容',
  `mark_size` int(11) NOT NULL DEFAULT '20' COMMENT '文字水印大小',
  `mark_color` varchar(10) NOT NULL DEFAULT '#FF0000' COMMENT '文字水印颜色',
  `mark_alpha` int(11) NOT NULL DEFAULT '50' COMMENT '水印透明度（0-100）',
  `mark_position` int(11) NOT NULL DEFAULT '1' COMMENT '水印位置(0-5)',
  `mark_offset_x` int(11) NOT NULL DEFAULT '0' COMMENT 'x坐标偏移量',
  `mark_offset_y` int(11) NOT NULL DEFAULT '0' COMMENT 'y坐标偏移量',
  `count_clear_time` date NOT NULL COMMENT '计数器清除时间',
  `count_copy_time` datetime NOT NULL COMMENT '计数器拷贝时间',
  `download_code` varchar(32) NOT NULL DEFAULT 'jeecms' COMMENT '下载防盗链md5混淆码',
  `download_time` int(11) NOT NULL DEFAULT '12' COMMENT '下载有效时间（小时）',
  `email_host` varchar(50) DEFAULT NULL COMMENT '邮件发送服务器',
  `email_encoding` varchar(20) DEFAULT NULL COMMENT '邮件发送编码',
  `email_username` varchar(100) DEFAULT NULL COMMENT '邮箱用户名',
  `email_password` varchar(100) DEFAULT NULL COMMENT '邮箱密码',
  `email_personal` varchar(100) DEFAULT NULL COMMENT '邮箱发件人',
  `email_validate` tinyint(1) DEFAULT '0' COMMENT '开启邮箱验证',
  PRIMARY KEY (`config_id`)
) ENGINE=InnoDB DEFAULT CHARSET=utf8 COMMENT='CMS配置表';

-- ----------------------------
-- Records of jc_config
-- ----------------------------
INSERT INTO `jc_config` VALUES ('1', null, null, '80', '/dbfile.svl?n=', '0', '/r/cms/www/no_picture.gif', '/login.jspx', null, '1', '120', '120', '/r/cms/www/watermark.png', 'http://www.hx.com', '20', '#FF0000', '50', '1', '0', '0', '2014-10-31', '2014-10-31 17:53:05', 'jeecms', '12', null, null, null, null, null, '0');

-- ----------------------------
-- Table structure for jc_config_attr
-- ----------------------------
DROP TABLE IF EXISTS `jc_config_attr`;
CREATE TABLE `jc_config_attr` (
  `config_id` int(11) NOT NULL,
  `attr_name` varchar(30) NOT NULL COMMENT '名称',
  `attr_value` varchar(255) DEFAULT NULL COMMENT '值',
  KEY `fk_jc_attr_config` (`config_id`),
  CONSTRAINT `fk_jc_attr_config` FOREIGN KEY (`config_id`) REFERENCES `jc_config` (`config_id`)
) ENGINE=InnoDB DEFAULT CHARSET=utf8 COMMENT='CMS配置属性表';

-- ----------------------------
-- Records of jc_config_attr
-- ----------------------------
INSERT INTO `jc_config_attr` VALUES ('1', 'password_min_len', '3');
INSERT INTO `jc_config_attr` VALUES ('1', 'username_reserved', '');
INSERT INTO `jc_config_attr` VALUES ('1', 'register_on', 'true');
INSERT INTO `jc_config_attr` VALUES ('1', 'member_on', 'true');
INSERT INTO `jc_config_attr` VALUES ('1', 'username_min_len', '3');
INSERT INTO `jc_config_attr` VALUES ('1', 'version', 'jeecmsv5.0-f');

-- ----------------------------
-- Table structure for jc_content
-- ----------------------------
DROP TABLE IF EXISTS `jc_content`;
CREATE TABLE `jc_content` (
  `content_id` int(11) NOT NULL AUTO_INCREMENT,
  `channel_id` int(11) NOT NULL COMMENT '栏目ID',
  `user_id` int(11) NOT NULL COMMENT '用户ID',
  `type_id` int(11) NOT NULL COMMENT '属性ID',
  `model_id` int(11) NOT NULL COMMENT '模型ID',
  `site_id` int(11) NOT NULL COMMENT '站点ID',
  `sort_date` datetime NOT NULL COMMENT '排序日期',
  `top_level` tinyint(4) NOT NULL DEFAULT '0' COMMENT '固顶级别',
  `has_title_img` tinyint(1) NOT NULL DEFAULT '0' COMMENT '是否有标题图',
  `is_recommend` tinyint(1) NOT NULL DEFAULT '0' COMMENT '是否推荐',
  `status` tinyint(4) NOT NULL DEFAULT '2' COMMENT '状态(0:草稿;1:审核中;2:审核通过;3:回收站)',
  `views_day` int(11) NOT NULL DEFAULT '0' COMMENT '日访问数',
  `comments_day` smallint(6) NOT NULL DEFAULT '0' COMMENT '日评论数',
  `downloads_day` smallint(6) NOT NULL DEFAULT '0' COMMENT '日下载数',
  `ups_day` smallint(6) NOT NULL DEFAULT '0' COMMENT '日顶数',
  `jysId` int(11) DEFAULT NULL,
  PRIMARY KEY (`content_id`),
  KEY `fk_jc_content_site` (`site_id`),
  KEY `fk_jc_content_type` (`type_id`),
  KEY `fk_jc_content_user` (`user_id`),
  KEY `fk_jc_contentchannel` (`channel_id`),
  KEY `fk_jc_content_model` (`model_id`),
  CONSTRAINT `fk_jc_contentchannel` FOREIGN KEY (`channel_id`) REFERENCES `jc_channel` (`channel_id`),
  CONSTRAINT `fk_jc_content_model` FOREIGN KEY (`model_id`) REFERENCES `jc_model` (`model_id`),
  CONSTRAINT `fk_jc_content_site` FOREIGN KEY (`site_id`) REFERENCES `jc_site` (`site_id`),
  CONSTRAINT `fk_jc_content_type` FOREIGN KEY (`type_id`) REFERENCES `jc_content_type` (`type_id`),
  CONSTRAINT `fk_jc_content_user` FOREIGN KEY (`user_id`) REFERENCES `jc_user` (`user_id`)
) ENGINE=InnoDB AUTO_INCREMENT=418160 DEFAULT CHARSET=utf8 COMMENT='CMS内容表';

-- ----------------------------
-- Records of jc_content
-- ----------------------------

-- ----------------------------
-- Table structure for jc_contenttag
-- ----------------------------
DROP TABLE IF EXISTS `jc_contenttag`;
CREATE TABLE `jc_contenttag` (
  `content_id` int(11) NOT NULL,
  `tag_id` int(11) NOT NULL,
  `priority` int(11) NOT NULL,
  KEY `fk_jc_tag_content` (`content_id`),
  KEY `fk_jc_content_tag` (`tag_id`),
  CONSTRAINT `fk_jc_content_tag` FOREIGN KEY (`tag_id`) REFERENCES `jc_content_tag` (`tag_id`),
  CONSTRAINT `fk_jc_tag_content` FOREIGN KEY (`content_id`) REFERENCES `jc_content` (`content_id`)
) ENGINE=InnoDB DEFAULT CHARSET=utf8 COMMENT='CMS内容标签关联表';

-- ----------------------------
-- Records of jc_contenttag
-- ----------------------------

-- ----------------------------
-- Table structure for jc_content_attachment
-- ----------------------------
DROP TABLE IF EXISTS `jc_content_attachment`;
CREATE TABLE `jc_content_attachment` (
  `content_id` int(11) NOT NULL,
  `priority` int(11) NOT NULL COMMENT '排列顺序',
  `attachment_path` varchar(255) NOT NULL COMMENT '附件路径',
  `attachment_name` varchar(100) NOT NULL COMMENT '附件名称',
  `filename` varchar(100) DEFAULT NULL COMMENT '文件名',
  `download_count` int(11) NOT NULL DEFAULT '0' COMMENT '下载次数',
  KEY `fk_jc_attachment_content` (`content_id`),
  CONSTRAINT `fk_jc_attachment_content` FOREIGN KEY (`content_id`) REFERENCES `jc_content` (`content_id`)
) ENGINE=InnoDB DEFAULT CHARSET=utf8 COMMENT='CMS内容附件表';

-- ----------------------------
-- Records of jc_content_attachment
-- ----------------------------

-- ----------------------------
-- Table structure for jc_content_attr
-- ----------------------------
DROP TABLE IF EXISTS `jc_content_attr`;
CREATE TABLE `jc_content_attr` (
  `content_id` int(11) NOT NULL,
  `attr_name` varchar(30) NOT NULL COMMENT '名称',
  `attr_value` varchar(255) DEFAULT NULL COMMENT '值',
  KEY `fk_jc_attr_content` (`content_id`),
  CONSTRAINT `fk_jc_attr_content` FOREIGN KEY (`content_id`) REFERENCES `jc_content` (`content_id`)
) ENGINE=InnoDB DEFAULT CHARSET=utf8 COMMENT='CMS内容扩展属性表';

-- ----------------------------
-- Records of jc_content_attr
-- ----------------------------

-- ----------------------------
-- Table structure for jc_content_channel
-- ----------------------------
DROP TABLE IF EXISTS `jc_content_channel`;
CREATE TABLE `jc_content_channel` (
  `channel_id` int(11) NOT NULL,
  `content_id` int(11) NOT NULL,
  PRIMARY KEY (`channel_id`,`content_id`),
  KEY `fk_jc_channel_content` (`content_id`),
  CONSTRAINT `fk_jc_channel_content` FOREIGN KEY (`content_id`) REFERENCES `jc_content` (`content_id`),
  CONSTRAINT `fk_jc_content_channel` FOREIGN KEY (`channel_id`) REFERENCES `jc_channel` (`channel_id`)
) ENGINE=InnoDB DEFAULT CHARSET=utf8 COMMENT='CMS内容栏目关联表';

-- ----------------------------
-- Records of jc_content_channel
-- ----------------------------

-- ----------------------------
-- Table structure for jc_content_check
-- ----------------------------
DROP TABLE IF EXISTS `jc_content_check`;
CREATE TABLE `jc_content_check` (
  `content_id` int(11) NOT NULL,
  `check_step` tinyint(4) NOT NULL DEFAULT '0' COMMENT '审核步数',
  `check_opinion` varchar(255) DEFAULT NULL COMMENT '审核意见',
  `is_rejected` tinyint(1) NOT NULL DEFAULT '0' COMMENT '是否退回',
  `reviewer` int(11) DEFAULT NULL COMMENT '终审者',
  `check_date` datetime DEFAULT NULL COMMENT '终审时间',
  PRIMARY KEY (`content_id`),
  KEY `fk_jc_content_check_user` (`reviewer`),
  CONSTRAINT `fk_jc_check_content` FOREIGN KEY (`content_id`) REFERENCES `jc_content` (`content_id`),
  CONSTRAINT `fk_jc_content_check_user` FOREIGN KEY (`reviewer`) REFERENCES `jc_user` (`user_id`)
) ENGINE=InnoDB DEFAULT CHARSET=utf8 COMMENT='CMS内容审核信息表';

-- ----------------------------
-- Records of jc_content_check
-- ----------------------------

-- ----------------------------
-- Table structure for jc_content_count
-- ----------------------------
DROP TABLE IF EXISTS `jc_content_count`;
CREATE TABLE `jc_content_count` (
  `content_id` int(11) NOT NULL,
  `views` int(11) NOT NULL DEFAULT '0' COMMENT '总访问数',
  `views_month` int(11) NOT NULL DEFAULT '0' COMMENT '月访问数',
  `views_week` int(11) NOT NULL DEFAULT '0' COMMENT '周访问数',
  `views_day` int(11) NOT NULL DEFAULT '0' COMMENT '日访问数',
  `comments` int(11) NOT NULL DEFAULT '0' COMMENT '总评论数',
  `comments_month` int(11) NOT NULL DEFAULT '0' COMMENT '月评论数',
  `comments_week` smallint(6) NOT NULL DEFAULT '0' COMMENT '周评论数',
  `comments_day` smallint(6) NOT NULL DEFAULT '0' COMMENT '日评论数',
  `downloads` int(11) NOT NULL DEFAULT '0' COMMENT '总下载数',
  `downloads_month` int(11) NOT NULL DEFAULT '0' COMMENT '月下载数',
  `downloads_week` smallint(6) NOT NULL DEFAULT '0' COMMENT '周下载数',
  `downloads_day` smallint(6) NOT NULL DEFAULT '0' COMMENT '日下载数',
  `ups` int(11) NOT NULL DEFAULT '0' COMMENT '总顶数',
  `ups_month` int(11) NOT NULL DEFAULT '0' COMMENT '月顶数',
  `ups_week` smallint(6) NOT NULL DEFAULT '0' COMMENT '周顶数',
  `ups_day` smallint(6) NOT NULL DEFAULT '0' COMMENT '日顶数',
  `downs` int(11) NOT NULL DEFAULT '0' COMMENT '总踩数',
  PRIMARY KEY (`content_id`),
  CONSTRAINT `fk_jc_count_content` FOREIGN KEY (`content_id`) REFERENCES `jc_content` (`content_id`)
) ENGINE=InnoDB DEFAULT CHARSET=utf8 COMMENT='CMS内容计数表';

-- ----------------------------
-- Records of jc_content_count
-- ----------------------------

-- ----------------------------
-- Table structure for jc_content_ext
-- ----------------------------
DROP TABLE IF EXISTS `jc_content_ext`;
CREATE TABLE `jc_content_ext` (
  `content_id` int(11) NOT NULL,
  `title` varchar(150) NOT NULL COMMENT '标题',
  `short_title` varchar(150) DEFAULT NULL COMMENT '简短标题',
  `author` varchar(100) DEFAULT NULL COMMENT '作者',
  `origin` varchar(100) DEFAULT NULL COMMENT '来源',
  `origin_url` varchar(255) DEFAULT NULL COMMENT '来源链接',
  `description` varchar(255) DEFAULT NULL COMMENT '描述',
  `release_date` datetime NOT NULL COMMENT '发布日期',
  `media_path` varchar(255) DEFAULT NULL COMMENT '媒体路径',
  `media_type` varchar(20) DEFAULT NULL COMMENT '媒体类型',
  `title_color` varchar(10) DEFAULT NULL COMMENT '标题颜色',
  `is_bold` tinyint(1) NOT NULL DEFAULT '0' COMMENT '是否加粗',
  `title_img` varchar(100) DEFAULT NULL COMMENT '标题图片',
  `content_img` varchar(100) DEFAULT NULL COMMENT '内容图片',
  `type_img` varchar(100) DEFAULT NULL COMMENT '类型图片',
  `link` varchar(255) DEFAULT NULL COMMENT '外部链接',
  `tpl_content` varchar(100) DEFAULT NULL COMMENT '指定模板',
  `need_regenerate` tinyint(1) NOT NULL DEFAULT '1' COMMENT '需要重新生成静态页',
  PRIMARY KEY (`content_id`),
  CONSTRAINT `fk_jc_ext_content` FOREIGN KEY (`content_id`) REFERENCES `jc_content` (`content_id`)
) ENGINE=InnoDB DEFAULT CHARSET=utf8 COMMENT='CMS内容扩展表';

-- ----------------------------
-- Records of jc_content_ext
-- ----------------------------

-- ----------------------------
-- Table structure for jc_content_group_view
-- ----------------------------
DROP TABLE IF EXISTS `jc_content_group_view`;
CREATE TABLE `jc_content_group_view` (
  `content_id` int(11) NOT NULL,
  `group_id` int(11) NOT NULL,
  PRIMARY KEY (`content_id`,`group_id`),
  KEY `fk_jc_content_group_v` (`group_id`),
  CONSTRAINT `fk_jc_content_group_v` FOREIGN KEY (`group_id`) REFERENCES `jc_group` (`group_id`),
  CONSTRAINT `fk_jc_group_content_v` FOREIGN KEY (`content_id`) REFERENCES `jc_content` (`content_id`)
) ENGINE=InnoDB DEFAULT CHARSET=utf8 COMMENT='CMS内容浏览会员组关联表';

-- ----------------------------
-- Records of jc_content_group_view
-- ----------------------------

-- ----------------------------
-- Table structure for jc_content_picture
-- ----------------------------
DROP TABLE IF EXISTS `jc_content_picture`;
CREATE TABLE `jc_content_picture` (
  `content_id` int(11) NOT NULL,
  `priority` int(11) NOT NULL COMMENT '排列顺序',
  `img_path` varchar(100) NOT NULL COMMENT '图片地址',
  `description` varchar(255) DEFAULT NULL COMMENT '描述',
  PRIMARY KEY (`content_id`,`priority`),
  CONSTRAINT `fk_jc_picture_content` FOREIGN KEY (`content_id`) REFERENCES `jc_content` (`content_id`)
) ENGINE=InnoDB DEFAULT CHARSET=utf8 COMMENT='CMS内容图片表';

-- ----------------------------
-- Records of jc_content_picture
-- ----------------------------

-- ----------------------------
-- Table structure for jc_content_tag
-- ----------------------------
DROP TABLE IF EXISTS `jc_content_tag`;
CREATE TABLE `jc_content_tag` (
  `tag_id` int(11) NOT NULL AUTO_INCREMENT,
  `tag_name` varchar(50) NOT NULL COMMENT 'tag名称',
  `ref_counter` int(11) NOT NULL DEFAULT '1' COMMENT '被引用的次数',
  `channelId` int(11) DEFAULT NULL,
  PRIMARY KEY (`tag_id`),
  UNIQUE KEY `ak_tag_name` (`tag_name`)
) ENGINE=InnoDB AUTO_INCREMENT=28 DEFAULT CHARSET=utf8 COMMENT='CMS内容TAG表';

-- ----------------------------
-- Records of jc_content_tag
-- ----------------------------

-- ----------------------------
-- Table structure for jc_content_topic
-- ----------------------------
DROP TABLE IF EXISTS `jc_content_topic`;
CREATE TABLE `jc_content_topic` (
  `content_id` int(11) NOT NULL,
  `topic_id` int(11) NOT NULL,
  PRIMARY KEY (`content_id`,`topic_id`),
  KEY `fk_jc_content_topic` (`topic_id`),
  CONSTRAINT `fk_jc_content_topic` FOREIGN KEY (`topic_id`) REFERENCES `jc_topic` (`topic_id`),
  CONSTRAINT `fk_jc_topic_content` FOREIGN KEY (`content_id`) REFERENCES `jc_content` (`content_id`)
) ENGINE=InnoDB DEFAULT CHARSET=utf8 COMMENT='CMS专题内容关联表';

-- ----------------------------
-- Records of jc_content_topic
-- ----------------------------

-- ----------------------------
-- Table structure for jc_content_txt
-- ----------------------------
DROP TABLE IF EXISTS `jc_content_txt`;
CREATE TABLE `jc_content_txt` (
  `content_id` int(11) NOT NULL,
  `txt` longtext COMMENT '文章内容',
  `txt1` longtext COMMENT '扩展内容1',
  `txt2` longtext COMMENT '扩展内容2',
  `txt3` longtext COMMENT '扩展内容3',
  PRIMARY KEY (`content_id`),
  CONSTRAINT `fk_jc_txt_content` FOREIGN KEY (`content_id`) REFERENCES `jc_content` (`content_id`)
) ENGINE=InnoDB DEFAULT CHARSET=utf8 COMMENT='CMS内容文本表';

-- ----------------------------
-- Records of jc_content_txt
-- ----------------------------

-- ----------------------------
-- Table structure for jc_content_type
-- ----------------------------
DROP TABLE IF EXISTS `jc_content_type`;
CREATE TABLE `jc_content_type` (
  `type_id` int(11) NOT NULL,
  `type_name` varchar(20) NOT NULL COMMENT '名称',
  `img_width` int(11) DEFAULT NULL COMMENT '图片宽',
  `img_height` int(11) DEFAULT NULL COMMENT '图片高',
  `has_image` tinyint(1) NOT NULL DEFAULT '0' COMMENT '是否有图片',
  `is_disabled` tinyint(1) NOT NULL DEFAULT '0' COMMENT '是否禁用',
  PRIMARY KEY (`type_id`)
) ENGINE=InnoDB DEFAULT CHARSET=utf8 COMMENT='CMS内容类型表';

-- ----------------------------
-- Records of jc_content_type
-- ----------------------------
INSERT INTO `jc_content_type` VALUES ('1', '普通', '100', '100', '0', '0');
INSERT INTO `jc_content_type` VALUES ('2', '图文', '143', '98', '1', '0');
INSERT INTO `jc_content_type` VALUES ('3', '焦点', '280', '200', '1', '0');
INSERT INTO `jc_content_type` VALUES ('4', '头条', '0', '0', '0', '0');

-- ----------------------------
-- Table structure for jc_dictionary
-- ----------------------------
DROP TABLE IF EXISTS `jc_dictionary`;
CREATE TABLE `jc_dictionary` (
  `id` int(11) NOT NULL AUTO_INCREMENT,
  `name` varchar(255) NOT NULL COMMENT 'name',
  `value` varchar(255) NOT NULL COMMENT 'value',
  `type` varchar(255) NOT NULL COMMENT 'type',
  PRIMARY KEY (`id`)
) ENGINE=InnoDB DEFAULT CHARSET=utf8 COMMENT='字典表';

-- ----------------------------
-- Records of jc_dictionary
-- ----------------------------

-- ----------------------------
-- Table structure for jc_file
-- ----------------------------
DROP TABLE IF EXISTS `jc_file`;
CREATE TABLE `jc_file` (
  `file_path` varchar(255) NOT NULL DEFAULT '' COMMENT '文件路径',
  `file_name` varchar(255) DEFAULT '' COMMENT '文件名字',
  `file_isvalid` tinyint(1) NOT NULL DEFAULT '0' COMMENT '是否有效',
  `content_id` int(11) DEFAULT NULL COMMENT '内容id',
  PRIMARY KEY (`file_path`),
  KEY `fk_jc_file_content` (`content_id`),
  CONSTRAINT `fk_jc_file_content` FOREIGN KEY (`content_id`) REFERENCES `jc_content` (`content_id`)
) ENGINE=InnoDB DEFAULT CHARSET=utf8;

-- ----------------------------
-- Records of jc_file
-- ----------------------------

-- ----------------------------
-- Table structure for jc_friendlink
-- ----------------------------
DROP TABLE IF EXISTS `jc_friendlink`;
CREATE TABLE `jc_friendlink` (
  `friendlink_id` int(11) NOT NULL AUTO_INCREMENT,
  `site_id` int(11) NOT NULL,
  `friendlinkctg_id` int(11) NOT NULL,
  `site_name` varchar(150) NOT NULL COMMENT '网站名称',
  `domain` varchar(255) NOT NULL COMMENT '网站地址',
  `logo` varchar(150) DEFAULT NULL COMMENT '图标',
  `email` varchar(100) DEFAULT NULL COMMENT '站长邮箱',
  `description` varchar(255) DEFAULT NULL COMMENT '描述',
  `views` int(11) NOT NULL DEFAULT '0' COMMENT '点击次数',
  `is_enabled` char(1) NOT NULL DEFAULT '1' COMMENT '是否显示',
  `priority` int(11) NOT NULL DEFAULT '10' COMMENT '排列顺序',
  PRIMARY KEY (`friendlink_id`),
  KEY `fk_jc_ctg_friendlink` (`friendlinkctg_id`),
  KEY `fk_jc_friendlink_site` (`site_id`),
  CONSTRAINT `fk_jc_ctg_friendlink` FOREIGN KEY (`friendlinkctg_id`) REFERENCES `jc_friendlink_ctg` (`friendlinkctg_id`),
  CONSTRAINT `fk_jc_friendlink_site` FOREIGN KEY (`site_id`) REFERENCES `jc_site` (`site_id`)
) ENGINE=InnoDB DEFAULT CHARSET=utf8 COMMENT='CMS友情链接';

-- ----------------------------
-- Records of jc_friendlink
-- ----------------------------

-- ----------------------------
-- Table structure for jc_friendlink_ctg
-- ----------------------------
DROP TABLE IF EXISTS `jc_friendlink_ctg`;
CREATE TABLE `jc_friendlink_ctg` (
  `friendlinkctg_id` int(11) NOT NULL AUTO_INCREMENT,
  `site_id` int(11) NOT NULL,
  `friendlinkctg_name` varchar(50) NOT NULL COMMENT '名称',
  `priority` int(11) NOT NULL DEFAULT '10' COMMENT '排列顺序',
  PRIMARY KEY (`friendlinkctg_id`),
  KEY `fk_jc_friendlinkctg_site` (`site_id`),
  CONSTRAINT `fk_jc_friendlinkctg_site` FOREIGN KEY (`site_id`) REFERENCES `jc_site` (`site_id`)
) ENGINE=InnoDB DEFAULT CHARSET=utf8 COMMENT='CMS友情链接类别';

-- ----------------------------
-- Records of jc_friendlink_ctg
-- ----------------------------

-- ----------------------------
-- Table structure for jc_group
-- ----------------------------
DROP TABLE IF EXISTS `jc_group`;
CREATE TABLE `jc_group` (
  `group_id` int(11) NOT NULL AUTO_INCREMENT,
  `group_name` varchar(100) NOT NULL COMMENT '名称',
  `priority` int(11) NOT NULL DEFAULT '10' COMMENT '排列顺序',
  `need_captcha` tinyint(1) NOT NULL DEFAULT '1' COMMENT '是否需要验证码',
  `need_check` tinyint(1) NOT NULL DEFAULT '1' COMMENT '是否需要审核',
  `allow_per_day` int(11) NOT NULL DEFAULT '4096' COMMENT '每日允许上传KB',
  `allow_max_file` int(11) NOT NULL DEFAULT '1024' COMMENT '每个文件最大KB',
  `allow_suffix` varchar(255) DEFAULT 'jpg,jpeg,gif,png,bmp' COMMENT '允许上传的后缀',
  `is_reg_def` tinyint(1) NOT NULL DEFAULT '0' COMMENT '是否默认会员组',
  PRIMARY KEY (`group_id`)
) ENGINE=InnoDB AUTO_INCREMENT=4 DEFAULT CHARSET=utf8 COMMENT='CMS会员组表';

-- ----------------------------
-- Records of jc_group
-- ----------------------------
INSERT INTO `jc_group` VALUES ('1', '普通会员', '10', '0', '1', '4096', '1024', 'jpg,jpeg,gif,png,bmp', '1');
INSERT INTO `jc_group` VALUES ('2', '高级组', '10', '0', '1', '0', '0', '', '0');
INSERT INTO `jc_group` VALUES ('3', '会员投稿', '10', '0', '0', '0', '0', '', '0');

-- ----------------------------
-- Table structure for jc_guestbook
-- ----------------------------
DROP TABLE IF EXISTS `jc_guestbook`;
CREATE TABLE `jc_guestbook` (
  `guestbook_id` int(11) NOT NULL AUTO_INCREMENT,
  `site_id` int(11) NOT NULL,
  `guestbookctg_id` int(11) NOT NULL,
  `member_id` int(11) DEFAULT NULL COMMENT '留言会员',
  `admin_id` int(11) DEFAULT NULL COMMENT '回复管理员',
  `ip` varchar(50) NOT NULL COMMENT '留言IP',
  `create_time` datetime NOT NULL COMMENT '留言时间',
  `replay_time` datetime DEFAULT NULL COMMENT '回复时间',
  `is_checked` tinyint(1) NOT NULL DEFAULT '0' COMMENT '是否审核',
  `is_recommend` tinyint(1) NOT NULL DEFAULT '0' COMMENT '是否推荐',
  PRIMARY KEY (`guestbook_id`),
  KEY `fk_jc_ctg_guestbook` (`guestbookctg_id`),
  KEY `fk_jc_guestbook_admin` (`admin_id`),
  KEY `fk_jc_guestbook_member` (`member_id`),
  KEY `fk_jc_guestbook_site` (`site_id`),
  CONSTRAINT `fk_jc_ctg_guestbook` FOREIGN KEY (`guestbookctg_id`) REFERENCES `jc_guestbook_ctg` (`guestbookctg_id`),
  CONSTRAINT `fk_jc_guestbook_admin` FOREIGN KEY (`admin_id`) REFERENCES `jc_user` (`user_id`),
  CONSTRAINT `fk_jc_guestbook_member` FOREIGN KEY (`member_id`) REFERENCES `jc_user` (`user_id`),
  CONSTRAINT `fk_jc_guestbook_site` FOREIGN KEY (`site_id`) REFERENCES `jc_site` (`site_id`)
) ENGINE=InnoDB DEFAULT CHARSET=utf8 COMMENT='CMS留言';

-- ----------------------------
-- Records of jc_guestbook
-- ----------------------------

-- ----------------------------
-- Table structure for jc_guestbook_ctg
-- ----------------------------
DROP TABLE IF EXISTS `jc_guestbook_ctg`;
CREATE TABLE `jc_guestbook_ctg` (
  `guestbookctg_id` int(11) NOT NULL AUTO_INCREMENT,
  `site_id` int(11) NOT NULL,
  `ctg_name` varchar(100) NOT NULL COMMENT '名称',
  `priority` int(11) NOT NULL DEFAULT '10' COMMENT '排列顺序',
  `description` varchar(255) DEFAULT NULL COMMENT '描述',
  PRIMARY KEY (`guestbookctg_id`),
  KEY `fk_jc_guestbookctg_site` (`site_id`),
  CONSTRAINT `fk_jc_guestbookctg_site` FOREIGN KEY (`site_id`) REFERENCES `jc_site` (`site_id`)
) ENGINE=InnoDB AUTO_INCREMENT=2 DEFAULT CHARSET=utf8 COMMENT='CMS留言类别';

-- ----------------------------
-- Records of jc_guestbook_ctg
-- ----------------------------
INSERT INTO `jc_guestbook_ctg` VALUES ('1', '1', '普通', '1', '普通留言');

-- ----------------------------
-- Table structure for jc_guestbook_ext
-- ----------------------------
DROP TABLE IF EXISTS `jc_guestbook_ext`;
CREATE TABLE `jc_guestbook_ext` (
  `guestbook_id` int(11) NOT NULL,
  `title` varchar(255) DEFAULT NULL COMMENT '留言标题',
  `content` longtext COMMENT '留言内容',
  `reply` longtext COMMENT '回复内容',
  `email` varchar(100) DEFAULT NULL COMMENT '电子邮件',
  `phone` varchar(100) DEFAULT NULL COMMENT '电话',
  `qq` varchar(50) DEFAULT NULL COMMENT 'QQ',
  KEY `fk_jc_ext_guestbook` (`guestbook_id`),
  CONSTRAINT `fk_jc_ext_guestbook` FOREIGN KEY (`guestbook_id`) REFERENCES `jc_guestbook` (`guestbook_id`)
) ENGINE=InnoDB DEFAULT CHARSET=utf8 COMMENT='CMS留言内容';

-- ----------------------------
-- Records of jc_guestbook_ext
-- ----------------------------

-- ----------------------------
-- Table structure for jc_job_apply
-- ----------------------------
DROP TABLE IF EXISTS `jc_job_apply`;
CREATE TABLE `jc_job_apply` (
  `job_apply_id` int(11) NOT NULL AUTO_INCREMENT,
  `user_id` int(11) NOT NULL COMMENT '用户id',
  `content_id` int(11) NOT NULL COMMENT '职位id',
  `apply_time` datetime NOT NULL COMMENT '申请时间',
  PRIMARY KEY (`job_apply_id`),
  KEY `fk_jc_job_apply_user` (`user_id`),
  KEY `fk_jc_job_apply_content` (`content_id`),
  CONSTRAINT `fk_jc_job_apply_content` FOREIGN KEY (`content_id`) REFERENCES `jc_content` (`content_id`),
  CONSTRAINT `fk_jc_job_apply_user` FOREIGN KEY (`user_id`) REFERENCES `jc_user` (`user_id`)
) ENGINE=InnoDB DEFAULT CHARSET=utf8 COMMENT='职位申请表';

-- ----------------------------
-- Records of jc_job_apply
-- ----------------------------

-- ----------------------------
-- Table structure for jc_keyword
-- ----------------------------
DROP TABLE IF EXISTS `jc_keyword`;
CREATE TABLE `jc_keyword` (
  `keyword_id` int(11) NOT NULL AUTO_INCREMENT,
  `site_id` int(11) DEFAULT NULL COMMENT '站点ID',
  `keyword_name` varchar(100) NOT NULL COMMENT '名称',
  `url` varchar(255) NOT NULL COMMENT '链接',
  `is_disabled` tinyint(1) NOT NULL DEFAULT '0' COMMENT '是否禁用',
  PRIMARY KEY (`keyword_id`),
  KEY `fk_jc_keyword_site` (`site_id`),
  CONSTRAINT `fk_jc_keyword_site` FOREIGN KEY (`site_id`) REFERENCES `jc_site` (`site_id`)
) ENGINE=InnoDB DEFAULT CHARSET=utf8 COMMENT='CMS内容关键词表';

-- ----------------------------
-- Records of jc_keyword
-- ----------------------------

-- ----------------------------
-- Table structure for jc_log
-- ----------------------------
DROP TABLE IF EXISTS `jc_log`;
CREATE TABLE `jc_log` (
  `log_id` int(11) NOT NULL AUTO_INCREMENT,
  `user_id` int(11) DEFAULT NULL,
  `site_id` int(11) DEFAULT NULL,
  `category` int(11) NOT NULL COMMENT '日志类型',
  `log_time` datetime NOT NULL COMMENT '日志时间',
  `ip` varchar(50) DEFAULT NULL COMMENT 'IP地址',
  `url` varchar(255) DEFAULT NULL COMMENT 'URL地址',
  `title` varchar(255) DEFAULT NULL COMMENT '日志标题',
  `content` varchar(255) DEFAULT NULL COMMENT '日志内容',
  PRIMARY KEY (`log_id`),
  KEY `fk_jc_log_site` (`site_id`),
  KEY `fk_jc_log_user` (`user_id`),
  CONSTRAINT `fk_jc_log_site` FOREIGN KEY (`site_id`) REFERENCES `jc_site` (`site_id`),
  CONSTRAINT `fk_jc_log_user` FOREIGN KEY (`user_id`) REFERENCES `jc_user` (`user_id`)
) ENGINE=InnoDB AUTO_INCREMENT=8079 DEFAULT CHARSET=utf8 COMMENT='CMS日志表';

-- ----------------------------
-- Records of jc_log
-- ----------------------------
INSERT INTO `jc_log` VALUES ('8078', '1', null, '1', '2014-10-31 18:01:55', '0:0:0:0:0:0:0:1', '/admin/hx/login.do', '登录成功', null);

-- ----------------------------
-- Table structure for jc_message
-- ----------------------------
DROP TABLE IF EXISTS `jc_message`;
CREATE TABLE `jc_message` (
  `msg_id` int(11) NOT NULL AUTO_INCREMENT COMMENT '消息id',
  `msg_title` varchar(255) NOT NULL DEFAULT '' COMMENT '标题',
  `msg_content` longtext COMMENT '站内信息内容',
  `send_time` timestamp NULL DEFAULT NULL COMMENT '发送时间',
  `msg_send_user` int(11) NOT NULL DEFAULT '1' COMMENT '发信息人',
  `msg_receiver_user` int(11) NOT NULL DEFAULT '0' COMMENT '接收人',
  `site_id` int(11) NOT NULL DEFAULT '1' COMMENT '站点',
  `msg_status` tinyint(1) NOT NULL DEFAULT '0' COMMENT '消息状态0未读，1已读',
  `msg_box` int(2) NOT NULL DEFAULT '1' COMMENT '消息信箱 0收件箱 1发件箱 2草稿箱 3垃圾箱',
  PRIMARY KEY (`msg_id`),
  KEY `fk_jc_message_user_send` (`msg_send_user`),
  KEY `fk_jc_message_user_receiver` (`msg_receiver_user`),
  KEY `fk_jc_message_site` (`site_id`),
  CONSTRAINT `fk_jc_message_site` FOREIGN KEY (`site_id`) REFERENCES `jc_site` (`site_id`),
  CONSTRAINT `fk_jc_message_user_receiver` FOREIGN KEY (`msg_receiver_user`) REFERENCES `jc_user` (`user_id`),
  CONSTRAINT `fk_jc_message_user_send` FOREIGN KEY (`msg_send_user`) REFERENCES `jc_user` (`user_id`)
) ENGINE=InnoDB DEFAULT CHARSET=utf8 COMMENT='站内信';

-- ----------------------------
-- Records of jc_message
-- ----------------------------

-- ----------------------------
-- Table structure for jc_model
-- ----------------------------
DROP TABLE IF EXISTS `jc_model`;
CREATE TABLE `jc_model` (
  `model_id` int(11) NOT NULL,
  `model_name` varchar(100) NOT NULL COMMENT '名称',
  `model_path` varchar(100) NOT NULL COMMENT '路径',
  `tpl_channel_prefix` varchar(20) DEFAULT NULL COMMENT '栏目模板前缀',
  `tpl_content_prefix` varchar(20) DEFAULT NULL COMMENT '内容模板前缀',
  `title_img_width` int(11) NOT NULL DEFAULT '139' COMMENT '栏目标题图宽度',
  `title_img_height` int(11) NOT NULL DEFAULT '139' COMMENT '栏目标题图高度',
  `content_img_width` int(11) NOT NULL DEFAULT '310' COMMENT '栏目内容图宽度',
  `content_img_height` int(11) NOT NULL DEFAULT '310' COMMENT '栏目内容图高度',
  `priority` int(11) NOT NULL DEFAULT '10' COMMENT '排列顺序',
  `has_content` tinyint(1) NOT NULL DEFAULT '1' COMMENT '是否有内容',
  `is_disabled` tinyint(1) NOT NULL DEFAULT '0' COMMENT '是否禁用',
  `is_def` tinyint(1) NOT NULL DEFAULT '0' COMMENT '是否默认模型',
  PRIMARY KEY (`model_id`)
) ENGINE=InnoDB DEFAULT CHARSET=utf8 COMMENT='CMS模型表';

-- ----------------------------
-- Records of jc_model
-- ----------------------------
INSERT INTO `jc_model` VALUES ('1', '新闻', '1', '新闻栏目', '新闻内容', '139', '139', '310', '310', '1', '1', '0', '1');
INSERT INTO `jc_model` VALUES ('2', '单页', '2', '单页', '', '139', '139', '310', '310', '2', '0', '0', '0');
INSERT INTO `jc_model` VALUES ('3', '作品', '3', '作品栏目', '作品内容', '139', '139', '310', '310', '3', '1', '0', '0');
INSERT INTO `jc_model` VALUES ('4', '下载', '4', '下载栏目', '下载内容', '139', '139', '310', '310', '4', '1', '0', '0');
INSERT INTO `jc_model` VALUES ('5', '图库', '5', '图库栏目', '图库内容', '139', '139', '310', '310', '5', '1', '0', '0');
INSERT INTO `jc_model` VALUES ('6', '视频', '6', '视频栏目', '视频内容', '139', '139', '310', '310', '10', '1', '0', '0');
INSERT INTO `jc_model` VALUES ('7', '产品', '7', '产品栏目', '产品内容', '139', '139', '310', '310', '10', '1', '0', '0');
INSERT INTO `jc_model` VALUES ('8', '招聘', 'job', '招聘栏目', '招聘内容', '139', '139', '310', '310', '10', '1', '0', '0');
INSERT INTO `jc_model` VALUES ('9', '外链', '9', '外链', '外链', '139', '139', '310', '310', '10', '0', '0', '0');
INSERT INTO `jc_model` VALUES ('10', '交易商', '10', '交易商', '交易商', '139', '139', '310', '310', '10', '1', '0', '0');

-- ----------------------------
-- Table structure for jc_model_item
-- ----------------------------
DROP TABLE IF EXISTS `jc_model_item`;
CREATE TABLE `jc_model_item` (
  `modelitem_id` int(11) NOT NULL AUTO_INCREMENT,
  `model_id` int(11) NOT NULL,
  `field` varchar(50) NOT NULL COMMENT '字段',
  `item_label` varchar(100) NOT NULL COMMENT '名称',
  `priority` int(11) NOT NULL DEFAULT '70' COMMENT '排列顺序',
  `def_value` varchar(255) DEFAULT NULL COMMENT '默认值',
  `opt_value` varchar(255) DEFAULT NULL COMMENT '可选项',
  `text_size` varchar(20) DEFAULT NULL COMMENT '长度',
  `area_rows` varchar(3) DEFAULT NULL COMMENT '文本行数',
  `area_cols` varchar(3) DEFAULT NULL COMMENT '文本列数',
  `help` varchar(255) DEFAULT NULL COMMENT '帮助信息',
  `help_position` varchar(1) DEFAULT NULL COMMENT '帮助位置',
  `data_type` int(11) NOT NULL DEFAULT '1' COMMENT '数据类型',
  `is_single` tinyint(1) NOT NULL DEFAULT '1' COMMENT '是否独占一行',
  `is_channel` tinyint(1) NOT NULL DEFAULT '1' COMMENT '是否栏目模型项',
  `is_custom` tinyint(1) NOT NULL DEFAULT '1' COMMENT '是否自定义',
  `is_display` tinyint(1) NOT NULL DEFAULT '1' COMMENT '是否显示',
  PRIMARY KEY (`modelitem_id`),
  KEY `fk_jc_item_model` (`model_id`),
  CONSTRAINT `fk_jc_item_model` FOREIGN KEY (`model_id`) REFERENCES `jc_model` (`model_id`)
) ENGINE=InnoDB AUTO_INCREMENT=332 DEFAULT CHARSET=utf8 COMMENT='CMS模型项表';

-- ----------------------------
-- Records of jc_model_item
-- ----------------------------
INSERT INTO `jc_model_item` VALUES ('1', '1', 'name', '栏目名称', '10', null, null, null, null, null, null, null, '1', '0', '1', '0', '1');
INSERT INTO `jc_model_item` VALUES ('2', '1', 'path', '访问路径', '10', null, null, null, null, null, null, null, '2', '0', '1', '0', '1');
INSERT INTO `jc_model_item` VALUES ('3', '1', 'title', 'meta标题', '10', null, null, null, null, null, null, null, '1', '0', '1', '0', '1');
INSERT INTO `jc_model_item` VALUES ('4', '1', 'keywords', 'meta关键字', '10', null, null, null, null, null, null, null, '1', '0', '1', '0', '1');
INSERT INTO `jc_model_item` VALUES ('5', '1', 'description', 'meta描述', '10', null, null, null, null, null, null, null, '4', '1', '1', '0', '1');
INSERT INTO `jc_model_item` VALUES ('6', '1', 'tplChannel', '栏目模板', '10', null, null, null, null, null, null, null, '6', '0', '1', '0', '1');
INSERT INTO `jc_model_item` VALUES ('7', '1', 'tplContent', '选择模型模板', '10', null, null, null, null, null, null, null, '6', '0', '1', '0', '1');
INSERT INTO `jc_model_item` VALUES ('8', '1', 'channelStatic', '栏目静态化', '10', null, null, null, null, null, null, null, '4', '1', '1', '0', '1');
INSERT INTO `jc_model_item` VALUES ('9', '1', 'contentStatic', '内容静态化', '10', null, null, null, null, null, null, null, '4', '1', '1', '0', '1');
INSERT INTO `jc_model_item` VALUES ('10', '1', 'priority', '排列顺序', '10', null, null, null, null, null, null, null, '2', '0', '1', '0', '1');
INSERT INTO `jc_model_item` VALUES ('11', '1', 'display', '显示', '10', null, null, null, null, null, null, null, '8', '0', '1', '0', '1');
INSERT INTO `jc_model_item` VALUES ('12', '1', 'docImg', '文档图片', '10', null, null, null, null, null, null, null, '8', '1', '1', '0', '1');
INSERT INTO `jc_model_item` VALUES ('13', '1', 'finalStep', '终审级别', '10', null, null, null, null, null, null, null, '2', '0', '1', '0', '1');
INSERT INTO `jc_model_item` VALUES ('14', '1', 'afterCheck', '审核后', '10', null, null, null, null, null, null, null, '6', '0', '1', '0', '1');
INSERT INTO `jc_model_item` VALUES ('15', '1', 'commentControl', '评论', '10', null, null, null, null, null, null, null, '8', '0', '1', '0', '1');
INSERT INTO `jc_model_item` VALUES ('16', '1', 'allowUpdown', '顶踩', '10', null, null, null, null, null, null, null, '8', '0', '1', '0', '1');
INSERT INTO `jc_model_item` VALUES ('17', '1', 'viewGroupIds', '浏览权限', '10', null, null, null, null, null, null, null, '7', '0', '1', '0', '1');
INSERT INTO `jc_model_item` VALUES ('18', '1', 'contriGroupIds', '投稿权限', '10', null, null, null, null, null, null, null, '7', '0', '1', '0', '1');
INSERT INTO `jc_model_item` VALUES ('19', '1', 'userIds', '管理权限', '10', null, null, null, null, null, null, null, '7', '1', '1', '0', '1');
INSERT INTO `jc_model_item` VALUES ('20', '1', 'link', '外部链接', '10', null, null, null, null, null, null, null, '1', '1', '1', '0', '1');
INSERT INTO `jc_model_item` VALUES ('21', '1', 'titleImg', '标题图', '10', null, null, null, null, null, null, null, '1', '1', '1', '0', '1');
INSERT INTO `jc_model_item` VALUES ('22', '1', 'channelId', '栏目', '10', null, null, null, null, null, null, null, '6', '1', '0', '0', '1');
INSERT INTO `jc_model_item` VALUES ('23', '1', 'title', '标题', '10', null, null, null, null, null, null, null, '1', '1', '0', '0', '1');
INSERT INTO `jc_model_item` VALUES ('24', '1', 'shortTitle', '简短标题', '10', null, null, null, null, null, null, null, '1', '0', '0', '0', '1');
INSERT INTO `jc_model_item` VALUES ('25', '1', 'titleColor', '标题颜色', '10', null, null, null, null, null, null, null, '6', '0', '0', '0', '1');
INSERT INTO `jc_model_item` VALUES ('26', '1', 'tagStr', 'Tag标签', '10', null, null, null, null, null, null, null, '1', '1', '0', '0', '1');
INSERT INTO `jc_model_item` VALUES ('27', '1', 'description', '摘要', '10', null, null, null, null, null, null, null, '4', '1', '0', '0', '1');
INSERT INTO `jc_model_item` VALUES ('28', '1', 'author', '作者', '10', null, null, null, null, null, null, null, '1', '0', '0', '0', '1');
INSERT INTO `jc_model_item` VALUES ('29', '1', 'origin', '来源', '10', null, null, null, null, null, null, null, '1', '0', '0', '0', '1');
INSERT INTO `jc_model_item` VALUES ('30', '1', 'viewGroupIds', '浏览权限', '10', null, null, null, null, null, null, null, '7', '1', '0', '0', '1');
INSERT INTO `jc_model_item` VALUES ('31', '1', 'topLevel', '固顶级别', '10', null, null, null, null, null, null, null, '6', '0', '0', '0', '1');
INSERT INTO `jc_model_item` VALUES ('32', '1', 'releaseDate', '发布时间', '10', null, null, null, null, null, null, null, '5', '0', '0', '0', '1');
INSERT INTO `jc_model_item` VALUES ('33', '1', 'typeId', '内容类型', '10', null, null, null, null, null, null, null, '6', '0', '0', '0', '1');
INSERT INTO `jc_model_item` VALUES ('34', '1', 'tplContent', '指定模板', '10', null, null, null, null, null, null, null, '6', '0', '0', '0', '1');
INSERT INTO `jc_model_item` VALUES ('35', '1', 'typeImg', '类型图', '10', null, null, null, null, null, null, null, '1', '1', '0', '0', '1');
INSERT INTO `jc_model_item` VALUES ('36', '1', 'titleImg', '标题图', '10', null, null, null, null, null, null, null, '1', '1', '0', '0', '1');
INSERT INTO `jc_model_item` VALUES ('37', '1', 'contentImg', '内容图', '10', null, null, null, null, null, null, null, '1', '1', '0', '0', '1');
INSERT INTO `jc_model_item` VALUES ('38', '1', 'attachments', '附件', '10', null, null, null, null, null, null, null, '1', '1', '0', '0', '1');
INSERT INTO `jc_model_item` VALUES ('39', '1', 'media', '多媒体', '10', null, null, null, null, null, null, null, '1', '1', '0', '0', '1');
INSERT INTO `jc_model_item` VALUES ('40', '1', 'txt', '内容', '10', null, null, null, null, null, null, null, '4', '1', '0', '0', '1');
INSERT INTO `jc_model_item` VALUES ('42', '2', 'name', '栏目名称', '10', null, null, null, null, null, null, null, '1', '0', '1', '0', '1');
INSERT INTO `jc_model_item` VALUES ('43', '2', 'path', '访问路径', '10', null, null, null, null, null, null, null, '2', '0', '1', '0', '1');
INSERT INTO `jc_model_item` VALUES ('44', '2', 'title', 'meta标题', '10', null, null, null, null, null, null, null, '1', '0', '1', '0', '1');
INSERT INTO `jc_model_item` VALUES ('45', '2', 'keywords', 'meta关键字', '10', null, null, null, null, null, null, null, '1', '0', '1', '0', '1');
INSERT INTO `jc_model_item` VALUES ('46', '2', 'description', 'meta描述', '10', null, null, null, null, null, null, null, '4', '1', '1', '0', '1');
INSERT INTO `jc_model_item` VALUES ('47', '2', 'tplChannel', '栏目模板', '10', null, null, null, null, null, null, null, '6', '0', '1', '0', '1');
INSERT INTO `jc_model_item` VALUES ('48', '2', 'priority', '排列顺序', '10', null, null, null, null, null, null, null, '2', '0', '1', '0', '1');
INSERT INTO `jc_model_item` VALUES ('49', '2', 'display', '显示', '10', null, null, null, null, null, null, null, '8', '0', '1', '0', '1');
INSERT INTO `jc_model_item` VALUES ('50', '2', 'viewGroupIds', '浏览权限', '10', null, null, null, null, null, null, null, '7', '0', '1', '0', '1');
INSERT INTO `jc_model_item` VALUES ('51', '2', 'link', '外部链接', '10', null, null, null, null, null, null, null, '1', '1', '1', '0', '1');
INSERT INTO `jc_model_item` VALUES ('52', '2', 'contentImg', '内容图', '10', null, null, null, null, null, null, null, '1', '1', '1', '0', '1');
INSERT INTO `jc_model_item` VALUES ('53', '2', 'txt', '内容', '10', null, null, null, null, null, null, null, '4', '1', '1', '0', '1');
INSERT INTO `jc_model_item` VALUES ('54', '3', 'name', '栏目名称', '10', null, null, null, null, null, null, null, '1', '0', '1', '0', '1');
INSERT INTO `jc_model_item` VALUES ('55', '3', 'path', '访问路径', '10', null, null, null, null, null, null, null, '2', '0', '1', '0', '1');
INSERT INTO `jc_model_item` VALUES ('56', '3', 'title', 'meta标题', '10', null, null, null, null, null, null, null, '1', '0', '1', '0', '1');
INSERT INTO `jc_model_item` VALUES ('57', '3', 'keywords', 'meta关键字', '10', null, null, null, null, null, null, null, '1', '0', '1', '0', '1');
INSERT INTO `jc_model_item` VALUES ('58', '3', 'description', 'meta描述', '10', null, null, null, null, null, null, null, '4', '1', '1', '0', '1');
INSERT INTO `jc_model_item` VALUES ('59', '3', 'tplChannel', '栏目模板', '10', null, null, null, null, null, null, null, '6', '0', '1', '0', '1');
INSERT INTO `jc_model_item` VALUES ('60', '3', 'tplContent', '选择模型模板', '10', null, null, null, null, null, null, null, '6', '0', '1', '0', '1');
INSERT INTO `jc_model_item` VALUES ('61', '3', 'priority', '排列顺序', '10', null, null, null, null, null, null, null, '2', '0', '1', '0', '1');
INSERT INTO `jc_model_item` VALUES ('62', '3', 'display', '显示', '10', null, null, null, null, null, null, null, '8', '0', '1', '0', '1');
INSERT INTO `jc_model_item` VALUES ('63', '3', 'docImg', '文档图片', '10', null, null, null, null, null, null, null, '8', '1', '1', '0', '1');
INSERT INTO `jc_model_item` VALUES ('64', '3', 'commentControl', '评论', '10', null, null, null, null, null, null, null, '8', '0', '1', '0', '1');
INSERT INTO `jc_model_item` VALUES ('65', '3', 'allowUpdown', '顶踩', '10', null, null, null, null, null, null, null, '8', '0', '1', '0', '1');
INSERT INTO `jc_model_item` VALUES ('66', '3', 'viewGroupIds', '浏览权限', '10', null, null, null, null, null, null, null, '7', '0', '1', '0', '1');
INSERT INTO `jc_model_item` VALUES ('67', '3', 'contriGroupIds', '投稿权限', '10', null, null, null, null, null, null, null, '7', '0', '1', '0', '1');
INSERT INTO `jc_model_item` VALUES ('68', '3', 'userIds', '管理权限', '10', null, null, null, null, null, null, null, '7', '1', '1', '0', '1');
INSERT INTO `jc_model_item` VALUES ('69', '3', 'link', '外部链接', '10', null, null, null, null, null, null, null, '1', '1', '1', '0', '1');
INSERT INTO `jc_model_item` VALUES ('70', '3', 'titleImg', '标题图', '10', null, null, null, null, null, null, null, '1', '1', '1', '0', '1');
INSERT INTO `jc_model_item` VALUES ('73', '3', 'channelId', '栏目', '10', null, null, null, null, null, null, null, '6', '1', '0', '0', '1');
INSERT INTO `jc_model_item` VALUES ('74', '3', 'title', '标题', '10', null, null, null, null, null, null, null, '1', '1', '0', '0', '1');
INSERT INTO `jc_model_item` VALUES ('75', '3', 'shortTitle', '简短标题', '10', null, null, null, null, null, null, null, '1', '0', '0', '0', '1');
INSERT INTO `jc_model_item` VALUES ('76', '3', 'titleColor', '标题颜色', '10', null, null, null, null, null, null, null, '6', '0', '0', '0', '1');
INSERT INTO `jc_model_item` VALUES ('77', '3', 'tagStr', 'Tag标签', '10', null, null, null, null, null, null, null, '1', '1', '0', '0', '1');
INSERT INTO `jc_model_item` VALUES ('78', '3', 'description', '摘要', '10', null, null, null, null, null, null, null, '4', '1', '0', '0', '1');
INSERT INTO `jc_model_item` VALUES ('79', '3', 'author', '作者', '10', null, null, null, null, null, null, null, '1', '0', '0', '0', '1');
INSERT INTO `jc_model_item` VALUES ('80', '3', 'origin', '来源', '10', null, null, null, null, null, null, null, '1', '0', '0', '0', '1');
INSERT INTO `jc_model_item` VALUES ('81', '3', 'viewGroupIds', '浏览权限', '10', null, null, null, null, null, null, null, '7', '1', '0', '0', '1');
INSERT INTO `jc_model_item` VALUES ('82', '3', 'topLevel', '固顶级别', '10', null, null, null, null, null, null, null, '6', '0', '0', '0', '1');
INSERT INTO `jc_model_item` VALUES ('83', '3', 'releaseDate', '发布时间', '10', null, null, null, null, null, null, null, '5', '0', '0', '0', '1');
INSERT INTO `jc_model_item` VALUES ('84', '3', 'typeId', '内容类型', '10', null, null, null, null, null, null, null, '6', '0', '0', '0', '1');
INSERT INTO `jc_model_item` VALUES ('85', '3', 'tplContent', '指定模板', '10', null, null, null, null, null, null, null, '6', '0', '0', '0', '1');
INSERT INTO `jc_model_item` VALUES ('86', '3', 'typeImg', '类型图', '10', null, null, null, null, null, null, null, '1', '1', '0', '0', '1');
INSERT INTO `jc_model_item` VALUES ('87', '3', 'titleImg', '标题图', '10', null, null, null, null, null, null, null, '1', '1', '0', '0', '1');
INSERT INTO `jc_model_item` VALUES ('88', '3', 'contentImg', '内容图', '10', null, null, null, null, null, null, null, '1', '1', '0', '0', '1');
INSERT INTO `jc_model_item` VALUES ('89', '3', 'attachments', '附件', '10', null, null, null, null, null, null, null, '1', '1', '0', '0', '1');
INSERT INTO `jc_model_item` VALUES ('90', '3', 'media', '多媒体', '10', null, null, null, null, null, null, null, '1', '1', '0', '0', '1');
INSERT INTO `jc_model_item` VALUES ('91', '3', 'txt', '内容', '10', null, null, null, null, null, null, null, '4', '1', '0', '0', '1');
INSERT INTO `jc_model_item` VALUES ('92', '3', 'pictures', '图片集', '10', null, null, null, null, null, null, null, '4', '1', '0', '0', '1');
INSERT INTO `jc_model_item` VALUES ('93', '4', 'name', '栏目名称', '10', null, null, null, null, null, null, null, '1', '0', '1', '0', '1');
INSERT INTO `jc_model_item` VALUES ('94', '4', 'path', '访问路径', '10', null, null, null, null, null, null, null, '2', '0', '1', '0', '1');
INSERT INTO `jc_model_item` VALUES ('95', '4', 'title', 'meta标题', '10', null, null, null, null, null, null, null, '1', '0', '1', '0', '1');
INSERT INTO `jc_model_item` VALUES ('96', '4', 'keywords', 'meta关键字', '10', null, null, null, null, null, null, null, '1', '0', '1', '0', '1');
INSERT INTO `jc_model_item` VALUES ('97', '4', 'description', 'meta描述', '10', null, null, null, null, null, null, null, '4', '1', '1', '0', '1');
INSERT INTO `jc_model_item` VALUES ('98', '4', 'tplChannel', '栏目模板', '10', null, null, null, null, null, null, null, '6', '0', '1', '0', '1');
INSERT INTO `jc_model_item` VALUES ('99', '4', 'tplContent', '选择模型模板', '10', null, null, null, null, null, null, null, '6', '0', '1', '0', '1');
INSERT INTO `jc_model_item` VALUES ('100', '4', 'priority', '排列顺序', '10', null, null, null, null, null, null, null, '2', '0', '1', '0', '1');
INSERT INTO `jc_model_item` VALUES ('101', '4', 'display', '显示', '10', null, null, null, null, null, null, null, '8', '0', '1', '0', '1');
INSERT INTO `jc_model_item` VALUES ('102', '4', 'docImg', '文档图片', '10', null, null, null, null, null, null, null, '8', '1', '1', '0', '1');
INSERT INTO `jc_model_item` VALUES ('103', '4', 'commentControl', '评论', '10', null, null, null, null, null, null, null, '8', '0', '1', '0', '1');
INSERT INTO `jc_model_item` VALUES ('104', '4', 'allowUpdown', '顶踩', '10', null, null, null, null, null, null, null, '8', '0', '1', '0', '1');
INSERT INTO `jc_model_item` VALUES ('105', '4', 'viewGroupIds', '浏览权限', '10', null, null, null, null, null, null, null, '7', '1', '1', '0', '1');
INSERT INTO `jc_model_item` VALUES ('106', '4', 'userIds', '管理权限', '10', null, null, null, null, null, null, null, '7', '1', '1', '0', '1');
INSERT INTO `jc_model_item` VALUES ('107', '4', 'channelId', '栏目', '1', null, null, null, null, null, null, null, '6', '1', '0', '0', '1');
INSERT INTO `jc_model_item` VALUES ('108', '4', 'title', '软件名称', '2', null, null, null, null, null, null, null, '1', '1', '0', '0', '1');
INSERT INTO `jc_model_item` VALUES ('109', '4', 'shortTitle', '软件简称', '3', null, null, null, null, null, null, null, '1', '0', '0', '0', '1');
INSERT INTO `jc_model_item` VALUES ('110', '4', 'titleColor', '标题颜色', '4', null, null, null, null, null, null, null, '6', '0', '0', '0', '1');
INSERT INTO `jc_model_item` VALUES ('111', '4', 'description', '摘要', '5', null, null, null, null, null, null, null, '4', '1', '0', '0', '1');
INSERT INTO `jc_model_item` VALUES ('112', '4', 'author', '发布人', '6', null, null, null, null, null, null, null, '1', '0', '0', '0', '1');
INSERT INTO `jc_model_item` VALUES ('113', '4', 'viewGroupIds', '浏览权限', '7', null, null, null, null, null, null, null, '7', '0', '0', '0', '1');
INSERT INTO `jc_model_item` VALUES ('114', '4', 'topLevel', '固顶级别', '8', null, null, null, null, null, null, null, '6', '0', '0', '0', '1');
INSERT INTO `jc_model_item` VALUES ('115', '4', 'releaseDate', '发布时间', '9', null, null, null, null, null, null, null, '5', '0', '0', '0', '1');
INSERT INTO `jc_model_item` VALUES ('116', '4', 'typeId', '内容类型', '21', null, null, null, null, null, null, null, '6', '0', '0', '0', '1');
INSERT INTO `jc_model_item` VALUES ('117', '4', 'tplContent', '指定模板', '22', null, null, null, null, null, null, null, '6', '0', '0', '0', '1');
INSERT INTO `jc_model_item` VALUES ('118', '4', 'contentImg', '内容图', '10', null, null, null, null, null, null, null, '1', '1', '0', '0', '1');
INSERT INTO `jc_model_item` VALUES ('119', '4', 'attachments', '资源上传', '11', null, null, null, null, null, null, null, '1', '1', '0', '0', '1');
INSERT INTO `jc_model_item` VALUES ('120', '4', 'txt', '软件介绍', '20', null, null, null, null, null, null, null, '4', '1', '0', '0', '1');
INSERT INTO `jc_model_item` VALUES ('121', '4', 'softType', '软件类型', '12', '国产软件', '国产软件,国外软件', '100', '3', '30', null, null, '6', '0', '0', '1', '1');
INSERT INTO `jc_model_item` VALUES ('122', '4', 'warrant', '软件授权', '13', '免费版', '免费版,共享版', '', '3', '30', '', '', '6', '0', '0', '1', '1');
INSERT INTO `jc_model_item` VALUES ('123', '4', 'relatedLink', '相关链接', '14', 'http://', '', '50', '3', '30', '', '', '1', '0', '0', '1', '1');
INSERT INTO `jc_model_item` VALUES ('124', '4', 'demoUrl', '演示地址', '15', 'http://', null, '60', '3', '30', null, null, '1', '0', '0', '1', '1');
INSERT INTO `jc_model_item` VALUES ('125', '5', 'name', '栏目名称', '10', null, null, null, null, null, null, null, '1', '0', '1', '0', '1');
INSERT INTO `jc_model_item` VALUES ('126', '5', 'path', '访问路径', '10', null, null, null, null, null, null, null, '2', '0', '1', '0', '1');
INSERT INTO `jc_model_item` VALUES ('127', '5', 'title', 'meta标题', '10', null, null, null, null, null, null, null, '1', '0', '1', '0', '1');
INSERT INTO `jc_model_item` VALUES ('128', '5', 'keywords', 'meta关键字', '10', null, null, null, null, null, null, null, '1', '0', '1', '0', '1');
INSERT INTO `jc_model_item` VALUES ('129', '5', 'description', 'meta描述', '10', null, null, null, null, null, null, null, '4', '1', '1', '0', '1');
INSERT INTO `jc_model_item` VALUES ('130', '5', 'tplChannel', '栏目模板', '10', null, null, null, null, null, null, null, '6', '0', '1', '0', '1');
INSERT INTO `jc_model_item` VALUES ('131', '5', 'tplContent', '选择模型模板', '10', null, null, null, null, null, null, null, '6', '0', '1', '0', '1');
INSERT INTO `jc_model_item` VALUES ('132', '5', 'channelStatic', '栏目静态化', '10', null, null, null, null, null, null, null, '4', '1', '1', '0', '1');
INSERT INTO `jc_model_item` VALUES ('133', '5', 'contentStatic', '内容静态化', '10', null, null, null, null, null, null, null, '4', '1', '1', '0', '1');
INSERT INTO `jc_model_item` VALUES ('134', '5', 'priority', '排列顺序', '10', null, null, null, null, null, null, null, '2', '0', '1', '0', '1');
INSERT INTO `jc_model_item` VALUES ('135', '5', 'display', '显示', '10', null, null, null, null, null, null, null, '8', '0', '1', '0', '1');
INSERT INTO `jc_model_item` VALUES ('136', '5', 'docImg', '文档图片', '10', null, null, null, null, null, null, null, '8', '1', '1', '0', '1');
INSERT INTO `jc_model_item` VALUES ('137', '5', 'finalStep', '终审级别', '10', null, null, null, null, null, null, null, '2', '0', '1', '0', '1');
INSERT INTO `jc_model_item` VALUES ('138', '5', 'afterCheck', '审核后', '10', null, null, null, null, null, null, null, '6', '0', '1', '0', '1');
INSERT INTO `jc_model_item` VALUES ('139', '5', 'commentControl', '评论', '10', null, null, null, null, null, null, null, '8', '0', '1', '0', '1');
INSERT INTO `jc_model_item` VALUES ('140', '5', 'allowUpdown', '顶踩', '10', null, null, null, null, null, null, null, '8', '0', '1', '0', '1');
INSERT INTO `jc_model_item` VALUES ('141', '5', 'viewGroupIds', '浏览权限', '10', null, null, null, null, null, null, null, '7', '0', '1', '0', '1');
INSERT INTO `jc_model_item` VALUES ('142', '5', 'contriGroupIds', '投稿权限', '10', null, null, null, null, null, null, null, '7', '0', '1', '0', '1');
INSERT INTO `jc_model_item` VALUES ('143', '5', 'userIds', '管理权限', '10', null, null, null, null, null, null, null, '7', '1', '1', '0', '1');
INSERT INTO `jc_model_item` VALUES ('144', '5', 'link', '外部链接', '10', null, null, null, null, null, null, null, '1', '1', '1', '0', '1');
INSERT INTO `jc_model_item` VALUES ('145', '5', 'titleImg', '标题图', '10', null, null, null, null, null, null, null, '1', '1', '1', '0', '1');
INSERT INTO `jc_model_item` VALUES ('146', '5', 'contentImg', '内容图', '10', null, null, null, null, null, null, null, '1', '1', '1', '0', '1');
INSERT INTO `jc_model_item` VALUES ('147', '5', 'channelId', '栏目', '10', null, null, null, null, null, null, null, '6', '1', '0', '0', '1');
INSERT INTO `jc_model_item` VALUES ('148', '5', 'title', '标题', '10', null, null, null, null, null, null, null, '1', '1', '0', '0', '1');
INSERT INTO `jc_model_item` VALUES ('149', '5', 'shortTitle', '简短标题', '10', null, null, null, null, null, null, null, '1', '0', '0', '0', '1');
INSERT INTO `jc_model_item` VALUES ('150', '5', 'titleColor', '标题颜色', '10', null, null, null, null, null, null, null, '6', '0', '0', '0', '1');
INSERT INTO `jc_model_item` VALUES ('151', '5', 'tagStr', 'Tag标签', '10', null, null, null, null, null, null, null, '1', '1', '0', '0', '1');
INSERT INTO `jc_model_item` VALUES ('152', '5', 'description', '摘要', '10', null, null, null, null, null, null, null, '4', '1', '0', '0', '1');
INSERT INTO `jc_model_item` VALUES ('153', '5', 'author', '作者', '10', null, null, null, null, null, null, null, '1', '0', '0', '0', '1');
INSERT INTO `jc_model_item` VALUES ('154', '5', 'origin', '来源', '10', null, null, null, null, null, null, null, '1', '0', '0', '0', '1');
INSERT INTO `jc_model_item` VALUES ('155', '5', 'viewGroupIds', '浏览权限', '10', null, null, null, null, null, null, null, '7', '1', '0', '0', '1');
INSERT INTO `jc_model_item` VALUES ('156', '5', 'topLevel', '固顶级别', '10', null, null, null, null, null, null, null, '6', '0', '0', '0', '1');
INSERT INTO `jc_model_item` VALUES ('157', '5', 'releaseDate', '发布时间', '10', null, null, null, null, null, null, null, '5', '0', '0', '0', '1');
INSERT INTO `jc_model_item` VALUES ('158', '5', 'typeId', '内容类型', '10', null, null, null, null, null, null, null, '6', '0', '0', '0', '1');
INSERT INTO `jc_model_item` VALUES ('159', '5', 'tplContent', '指定模板', '10', null, null, null, null, null, null, null, '6', '0', '0', '0', '1');
INSERT INTO `jc_model_item` VALUES ('160', '5', 'typeImg', '类型图', '10', null, null, null, null, null, null, null, '1', '1', '0', '0', '1');
INSERT INTO `jc_model_item` VALUES ('161', '5', 'titleImg', '标题图', '10', null, null, null, null, null, null, null, '1', '1', '0', '0', '1');
INSERT INTO `jc_model_item` VALUES ('162', '5', 'contentImg', '内容图', '10', null, null, null, null, null, null, null, '1', '1', '0', '0', '1');
INSERT INTO `jc_model_item` VALUES ('163', '5', 'pictures', '图片集', '10', null, null, null, null, null, null, null, '4', '1', '0', '0', '1');
INSERT INTO `jc_model_item` VALUES ('164', '6', 'name', '栏目名称', '10', null, null, null, null, null, null, null, '1', '0', '1', '0', '1');
INSERT INTO `jc_model_item` VALUES ('165', '6', 'path', '访问路径', '10', null, null, null, null, null, null, null, '2', '0', '1', '0', '1');
INSERT INTO `jc_model_item` VALUES ('166', '6', 'title', 'meta标题', '10', null, null, null, null, null, null, null, '1', '0', '1', '0', '1');
INSERT INTO `jc_model_item` VALUES ('167', '6', 'keywords', 'meta关键字', '10', null, null, null, null, null, null, null, '1', '0', '1', '0', '1');
INSERT INTO `jc_model_item` VALUES ('168', '6', 'description', 'meta描述', '10', null, null, null, null, null, null, null, '4', '1', '1', '0', '1');
INSERT INTO `jc_model_item` VALUES ('169', '6', 'tplChannel', '栏目模板', '10', null, null, null, null, null, null, null, '6', '0', '1', '0', '1');
INSERT INTO `jc_model_item` VALUES ('170', '6', 'tplContent', '选择模型模板', '10', null, null, null, null, null, null, null, '6', '0', '1', '0', '1');
INSERT INTO `jc_model_item` VALUES ('171', '6', 'channelStatic', '栏目静态化', '10', null, null, null, null, null, null, null, '4', '1', '1', '0', '1');
INSERT INTO `jc_model_item` VALUES ('172', '6', 'contentStatic', '内容静态化', '10', null, null, null, null, null, null, null, '4', '1', '1', '0', '1');
INSERT INTO `jc_model_item` VALUES ('173', '6', 'priority', '排列顺序', '10', null, null, null, null, null, null, null, '2', '0', '1', '0', '1');
INSERT INTO `jc_model_item` VALUES ('174', '6', 'display', '显示', '10', null, null, null, null, null, null, null, '8', '0', '1', '0', '1');
INSERT INTO `jc_model_item` VALUES ('175', '6', 'docImg', '文档图片', '10', null, null, null, null, null, null, null, '8', '1', '1', '0', '1');
INSERT INTO `jc_model_item` VALUES ('176', '6', 'finalStep', '终审级别', '10', null, null, null, null, null, null, null, '2', '0', '1', '0', '1');
INSERT INTO `jc_model_item` VALUES ('177', '6', 'afterCheck', '审核后', '10', null, null, null, null, null, null, null, '6', '0', '1', '0', '1');
INSERT INTO `jc_model_item` VALUES ('178', '6', 'commentControl', '评论', '10', null, null, null, null, null, null, null, '8', '0', '1', '0', '1');
INSERT INTO `jc_model_item` VALUES ('179', '6', 'allowUpdown', '顶踩', '10', null, null, null, null, null, null, null, '8', '0', '1', '0', '1');
INSERT INTO `jc_model_item` VALUES ('180', '6', 'viewGroupIds', '浏览权限', '10', null, null, null, null, null, null, null, '7', '0', '1', '0', '1');
INSERT INTO `jc_model_item` VALUES ('181', '6', 'contriGroupIds', '投稿权限', '10', null, null, null, null, null, null, null, '7', '0', '1', '0', '1');
INSERT INTO `jc_model_item` VALUES ('182', '6', 'userIds', '管理权限', '10', null, null, null, null, null, null, null, '7', '1', '1', '0', '1');
INSERT INTO `jc_model_item` VALUES ('183', '6', 'link', '外部链接', '10', null, null, null, null, null, null, null, '1', '1', '1', '0', '1');
INSERT INTO `jc_model_item` VALUES ('184', '6', 'titleImg', '标题图', '10', null, null, null, null, null, null, null, '1', '1', '1', '0', '1');
INSERT INTO `jc_model_item` VALUES ('185', '6', 'contentImg', '内容图', '10', null, null, null, null, null, null, null, '1', '1', '1', '0', '1');
INSERT INTO `jc_model_item` VALUES ('186', '6', 'channelId', '栏目', '10', null, null, null, null, null, null, null, '6', '1', '0', '0', '1');
INSERT INTO `jc_model_item` VALUES ('187', '6', 'title', '标题', '10', null, null, null, null, null, null, null, '1', '1', '0', '0', '1');
INSERT INTO `jc_model_item` VALUES ('188', '6', 'shortTitle', '简短标题', '10', null, null, null, null, null, null, null, '1', '0', '0', '0', '1');
INSERT INTO `jc_model_item` VALUES ('189', '6', 'titleColor', '标题颜色', '10', null, null, null, null, null, null, null, '6', '0', '0', '0', '1');
INSERT INTO `jc_model_item` VALUES ('190', '6', 'tagStr', 'Tag标签', '10', null, null, null, null, null, null, null, '1', '1', '0', '0', '1');
INSERT INTO `jc_model_item` VALUES ('191', '6', 'description', '内容简介', '10', null, null, null, null, null, null, null, '4', '1', '0', '0', '1');
INSERT INTO `jc_model_item` VALUES ('192', '6', 'author', '作者', '10', null, null, null, null, null, null, null, '1', '0', '0', '0', '0');
INSERT INTO `jc_model_item` VALUES ('193', '6', 'origin', '来源', '10', null, null, null, null, null, null, null, '1', '0', '0', '0', '0');
INSERT INTO `jc_model_item` VALUES ('194', '6', 'viewGroupIds', '浏览权限', '10', null, null, null, null, null, null, null, '7', '1', '0', '0', '1');
INSERT INTO `jc_model_item` VALUES ('195', '6', 'topLevel', '固顶级别', '10', null, null, null, null, null, null, null, '6', '0', '0', '0', '1');
INSERT INTO `jc_model_item` VALUES ('196', '6', 'releaseDate', '发布时间', '10', null, null, null, null, null, null, null, '5', '0', '0', '0', '1');
INSERT INTO `jc_model_item` VALUES ('197', '6', 'typeId', '内容类型', '10', null, null, null, null, null, null, null, '6', '0', '0', '0', '1');
INSERT INTO `jc_model_item` VALUES ('198', '6', 'tplContent', '指定模板', '10', null, null, null, null, null, null, null, '6', '0', '0', '0', '1');
INSERT INTO `jc_model_item` VALUES ('199', '6', 'typeImg', '类型图', '10', null, null, null, null, null, null, null, '1', '1', '0', '0', '1');
INSERT INTO `jc_model_item` VALUES ('200', '6', 'titleImg', '标题图', '10', null, null, null, null, null, null, null, '1', '1', '0', '0', '1');
INSERT INTO `jc_model_item` VALUES ('201', '6', 'contentImg', '内容图', '10', null, null, null, null, null, null, null, '1', '1', '0', '0', '1');
INSERT INTO `jc_model_item` VALUES ('202', '6', 'attachments', '附件', '10', null, null, null, null, null, null, null, '1', '0', '0', '0', '0');
INSERT INTO `jc_model_item` VALUES ('203', '6', 'media', '多媒体', '10', null, null, null, null, null, null, null, '1', '1', '0', '0', '1');
INSERT INTO `jc_model_item` VALUES ('204', '7', 'name', '栏目名称', '10', null, null, null, null, null, null, null, '1', '0', '1', '0', '1');
INSERT INTO `jc_model_item` VALUES ('205', '7', 'path', '访问路径', '10', null, null, null, null, null, null, null, '2', '0', '1', '0', '1');
INSERT INTO `jc_model_item` VALUES ('206', '7', 'title', 'meta标题', '10', null, null, null, null, null, null, null, '1', '0', '1', '0', '1');
INSERT INTO `jc_model_item` VALUES ('207', '7', 'keywords', 'meta关键字', '10', null, null, null, null, null, null, null, '1', '0', '1', '0', '1');
INSERT INTO `jc_model_item` VALUES ('208', '7', 'description', 'meta描述', '10', null, null, null, null, null, null, null, '4', '1', '1', '0', '1');
INSERT INTO `jc_model_item` VALUES ('209', '7', 'tplChannel', '栏目模板', '10', null, null, null, null, null, null, null, '6', '0', '1', '0', '1');
INSERT INTO `jc_model_item` VALUES ('210', '7', 'tplContent', '选择模型模板', '10', null, null, null, null, null, null, null, '6', '0', '1', '0', '1');
INSERT INTO `jc_model_item` VALUES ('211', '7', 'channelStatic', '栏目静态化', '10', null, null, null, null, null, null, null, '4', '1', '1', '0', '1');
INSERT INTO `jc_model_item` VALUES ('212', '7', 'contentStatic', '内容静态化', '10', null, null, null, null, null, null, null, '4', '1', '1', '0', '1');
INSERT INTO `jc_model_item` VALUES ('213', '7', 'priority', '排列顺序', '10', null, null, null, null, null, null, null, '2', '0', '1', '0', '1');
INSERT INTO `jc_model_item` VALUES ('214', '7', 'display', '显示', '10', null, null, null, null, null, null, null, '8', '0', '1', '0', '1');
INSERT INTO `jc_model_item` VALUES ('215', '7', 'docImg', '文档图片', '10', null, null, null, null, null, null, null, '8', '1', '1', '0', '1');
INSERT INTO `jc_model_item` VALUES ('216', '7', 'finalStep', '终审级别', '10', null, null, null, null, null, null, null, '2', '0', '1', '0', '1');
INSERT INTO `jc_model_item` VALUES ('217', '7', 'afterCheck', '审核后', '10', null, null, null, null, null, null, null, '6', '0', '1', '0', '1');
INSERT INTO `jc_model_item` VALUES ('218', '7', 'commentControl', '评论', '10', null, null, null, null, null, null, null, '8', '0', '1', '0', '1');
INSERT INTO `jc_model_item` VALUES ('219', '7', 'allowUpdown', '顶踩', '10', null, null, null, null, null, null, null, '8', '0', '1', '0', '1');
INSERT INTO `jc_model_item` VALUES ('220', '7', 'viewGroupIds', '浏览权限', '10', null, null, null, null, null, null, null, '7', '0', '1', '0', '1');
INSERT INTO `jc_model_item` VALUES ('221', '7', 'contriGroupIds', '投稿权限', '10', null, null, null, null, null, null, null, '7', '0', '1', '0', '1');
INSERT INTO `jc_model_item` VALUES ('222', '7', 'userIds', '管理权限', '10', null, null, null, null, null, null, null, '7', '1', '1', '0', '1');
INSERT INTO `jc_model_item` VALUES ('223', '7', 'link', '外部链接', '10', null, null, null, null, null, null, null, '1', '1', '1', '0', '1');
INSERT INTO `jc_model_item` VALUES ('224', '7', 'titleImg', '标题图', '10', null, null, null, null, null, null, null, '1', '1', '1', '0', '1');
INSERT INTO `jc_model_item` VALUES ('225', '7', 'contentImg', '内容图', '10', null, null, null, null, null, null, null, '1', '1', '1', '0', '1');
INSERT INTO `jc_model_item` VALUES ('226', '7', 'channelId', '栏目', '10', null, null, null, null, null, null, null, '6', '1', '0', '0', '1');
INSERT INTO `jc_model_item` VALUES ('227', '7', 'title', '标题', '10', null, null, null, null, null, null, null, '1', '1', '0', '0', '1');
INSERT INTO `jc_model_item` VALUES ('228', '7', 'shortTitle', '简短标题', '10', null, null, null, null, null, null, null, '1', '0', '0', '0', '1');
INSERT INTO `jc_model_item` VALUES ('229', '7', 'titleColor', '标题颜色', '10', null, null, null, null, null, null, null, '6', '0', '0', '0', '1');
INSERT INTO `jc_model_item` VALUES ('230', '7', 'tagStr', 'Tag标签', '10', null, null, null, null, null, null, null, '1', '1', '0', '0', '1');
INSERT INTO `jc_model_item` VALUES ('231', '7', 'description', '摘要', '10', null, null, null, null, null, null, null, '4', '1', '0', '0', '1');
INSERT INTO `jc_model_item` VALUES ('232', '7', 'author', '作者', '10', null, null, null, null, null, null, null, '1', '0', '0', '0', '1');
INSERT INTO `jc_model_item` VALUES ('233', '7', 'origin', '来源', '10', null, null, null, null, null, null, null, '1', '0', '0', '0', '1');
INSERT INTO `jc_model_item` VALUES ('234', '7', 'viewGroupIds', '浏览权限', '10', null, null, null, null, null, null, null, '7', '1', '0', '0', '1');
INSERT INTO `jc_model_item` VALUES ('235', '7', 'topLevel', '固顶级别', '10', null, null, null, null, null, null, null, '6', '0', '0', '0', '1');
INSERT INTO `jc_model_item` VALUES ('236', '7', 'releaseDate', '发布时间', '10', null, null, null, null, null, null, null, '5', '0', '0', '0', '1');
INSERT INTO `jc_model_item` VALUES ('237', '7', 'typeId', '内容类型', '10', null, null, null, null, null, null, null, '6', '0', '0', '0', '1');
INSERT INTO `jc_model_item` VALUES ('238', '7', 'tplContent', '指定模板', '10', null, null, null, null, null, null, null, '6', '0', '0', '0', '1');
INSERT INTO `jc_model_item` VALUES ('239', '7', 'typeImg', '类型图', '10', null, null, null, null, null, null, null, '1', '1', '0', '0', '1');
INSERT INTO `jc_model_item` VALUES ('240', '7', 'titleImg', '标题图', '10', null, null, null, null, null, null, null, '1', '1', '0', '0', '1');
INSERT INTO `jc_model_item` VALUES ('241', '7', 'contentImg', '内容图', '10', null, null, null, null, null, null, null, '1', '1', '0', '0', '1');
INSERT INTO `jc_model_item` VALUES ('242', '7', 'txt', '内容', '10', null, null, null, null, null, null, null, '4', '1', '0', '0', '1');
INSERT INTO `jc_model_item` VALUES ('243', '7', 'marketprice', '市场价', '10', null, null, null, '3', '30', null, null, '3', '1', '0', '1', '1');
INSERT INTO `jc_model_item` VALUES ('244', '7', 'price', '价格', '10', null, null, null, '3', '30', null, null, '3', '1', '0', '1', '1');
INSERT INTO `jc_model_item` VALUES ('246', '4', 'titleImg', '标题图', '10', null, null, null, null, null, null, null, '1', '1', '0', '0', '1');
INSERT INTO `jc_model_item` VALUES ('248', '7', 'txt1', '内容1', '10', null, null, null, null, null, null, null, '4', '1', '0', '0', '1');
INSERT INTO `jc_model_item` VALUES ('249', '8', 'name', '栏目名称', '10', null, null, null, null, null, null, null, '1', '0', '1', '0', '1');
INSERT INTO `jc_model_item` VALUES ('250', '8', 'path', '访问路径', '10', null, null, null, null, null, null, null, '2', '0', '1', '0', '1');
INSERT INTO `jc_model_item` VALUES ('251', '8', 'title', 'meta标题', '10', null, null, null, null, null, null, null, '1', '0', '1', '0', '1');
INSERT INTO `jc_model_item` VALUES ('252', '8', 'keywords', 'meta关键字', '10', null, null, null, null, null, null, null, '1', '0', '1', '0', '1');
INSERT INTO `jc_model_item` VALUES ('253', '8', 'description', 'meta描述', '10', null, null, null, null, null, null, null, '4', '1', '1', '0', '1');
INSERT INTO `jc_model_item` VALUES ('254', '8', 'tplChannel', '栏目模板', '10', null, null, null, null, null, null, null, '6', '0', '1', '0', '1');
INSERT INTO `jc_model_item` VALUES ('255', '8', 'tplContent', '内容模板', '10', null, null, null, null, null, null, null, '6', '0', '1', '0', '1');
INSERT INTO `jc_model_item` VALUES ('256', '8', 'channelStatic', '栏目静态化', '10', null, null, null, null, null, null, null, '4', '1', '1', '0', '1');
INSERT INTO `jc_model_item` VALUES ('257', '8', 'contentStatic', '内容静态化', '10', null, null, null, null, null, null, null, '4', '1', '1', '0', '1');
INSERT INTO `jc_model_item` VALUES ('258', '8', 'priority', '排列顺序', '10', null, null, null, null, null, null, null, '2', '0', '1', '0', '1');
INSERT INTO `jc_model_item` VALUES ('259', '8', 'display', '显示', '10', null, null, null, null, null, null, null, '8', '0', '1', '0', '1');
INSERT INTO `jc_model_item` VALUES ('260', '8', 'docImg', '文档图片', '10', null, null, null, null, null, null, null, '8', '1', '1', '0', '1');
INSERT INTO `jc_model_item` VALUES ('261', '8', 'finalStep', '终审级别', '10', null, null, null, null, null, null, null, '2', '0', '1', '0', '1');
INSERT INTO `jc_model_item` VALUES ('262', '8', 'afterCheck', '审核后', '10', null, null, null, null, null, null, null, '6', '0', '1', '0', '1');
INSERT INTO `jc_model_item` VALUES ('263', '8', 'commentControl', '评论', '10', null, null, null, null, null, null, null, '8', '0', '1', '0', '1');
INSERT INTO `jc_model_item` VALUES ('264', '8', 'allowUpdown', '顶踩', '10', null, null, null, null, null, null, null, '8', '0', '1', '0', '1');
INSERT INTO `jc_model_item` VALUES ('265', '8', 'viewGroupIds', '浏览权限', '10', null, null, null, null, null, null, null, '7', '0', '1', '0', '1');
INSERT INTO `jc_model_item` VALUES ('266', '8', 'contriGroupIds', '投稿权限', '10', null, null, null, null, null, null, null, '7', '0', '1', '0', '1');
INSERT INTO `jc_model_item` VALUES ('267', '8', 'userIds', '管理权限', '10', null, null, null, null, null, null, null, '7', '1', '1', '0', '1');
INSERT INTO `jc_model_item` VALUES ('268', '8', 'link', '外部链接', '10', null, null, null, null, null, null, null, '1', '1', '1', '0', '1');
INSERT INTO `jc_model_item` VALUES ('269', '8', 'titleImg', '标题图', '10', null, null, null, null, null, null, null, '1', '1', '1', '0', '1');
INSERT INTO `jc_model_item` VALUES ('270', '8', 'contentImg', '内容图', '10', null, null, null, null, null, null, null, '1', '1', '1', '0', '1');
INSERT INTO `jc_model_item` VALUES ('271', '8', 'channelId', '栏目', '1', null, null, null, null, null, null, null, '6', '1', '0', '0', '1');
INSERT INTO `jc_model_item` VALUES ('272', '8', 'title', '岗位名称', '1', null, null, null, null, null, null, null, '1', '1', '0', '0', '1');
INSERT INTO `jc_model_item` VALUES ('275', '8', 'tagStr', 'Tag标签', '7', null, null, null, null, null, null, null, '1', '1', '0', '0', '1');
INSERT INTO `jc_model_item` VALUES ('279', '8', 'viewGroupIds', '浏览权限', '8', null, null, null, null, null, null, null, '7', '0', '0', '0', '1');
INSERT INTO `jc_model_item` VALUES ('280', '8', 'topLevel', '固顶级别', '7', null, null, null, null, null, null, null, '6', '0', '0', '0', '1');
INSERT INTO `jc_model_item` VALUES ('281', '8', 'releaseDate', '发布时间', '2', null, null, null, null, null, null, null, '5', '0', '0', '0', '1');
INSERT INTO `jc_model_item` VALUES ('282', '8', 'typeId', '内容类型', '7', null, null, null, null, null, null, null, '6', '0', '0', '0', '1');
INSERT INTO `jc_model_item` VALUES ('283', '8', 'tplContent', '指定模板', '8', null, null, null, null, null, null, null, '6', '0', '0', '0', '1');
INSERT INTO `jc_model_item` VALUES ('289', '8', 'txt', '职位描述', '10', null, null, null, null, null, null, null, '4', '1', '0', '0', '1');
INSERT INTO `jc_model_item` VALUES ('290', '8', 'deadline', '截止日期', '2', null, null, null, '3', '30', '留空永久有效', null, '5', '0', '0', '1', '1');
INSERT INTO `jc_model_item` VALUES ('291', '8', 'experience', '工作经验', '3', null, '1年以内,1年以上,2年以上,3年以上,4年以上,5年以上,不限', null, '3', '30', null, null, '6', '0', '0', '1', '1');
INSERT INTO `jc_model_item` VALUES ('292', '8', 'education', '最低学历', '3', '', '专科,本科,硕士,不限', '', '3', '30', '', '', '6', '0', '0', '1', '1');
INSERT INTO `jc_model_item` VALUES ('293', '8', 'salary', '职位月薪', '4', null, '2000-3000,3000-5000,4000-6000,5000-7000,6000-8000,8000+,面议', null, '3', '30', null, null, '6', '0', '0', '1', '1');
INSERT INTO `jc_model_item` VALUES ('294', '8', 'workplace', '工作地点', '4', '', '北京,上海,深圳,广州,重庆,南京,杭州,西安,南昌', '', '3', '30', '', '', '7', '0', '0', '1', '1');
INSERT INTO `jc_model_item` VALUES ('295', '8', 'nature', '工作性质', '5', '', '全职,兼职', '', '3', '30', '', '', '8', '0', '0', '1', '1');
INSERT INTO `jc_model_item` VALUES ('296', '8', 'hasmanage', '管理经验', '5', '', '要求,不要求', '', '3', '30', '', '', '8', '0', '0', '1', '1');
INSERT INTO `jc_model_item` VALUES ('297', '8', 'nums', '招聘人数', '6', '', '1-3人,3-5人,5-10人,若干', '', '3', '30', '', '', '6', '0', '0', '1', '1');
INSERT INTO `jc_model_item` VALUES ('298', '8', 'category', '职位类别', '6', null, '项目主管,java高级工程师,java工程师,网页设计师,测试人员,技术支持', null, '3', '30', null, null, '6', '0', '0', '1', '1');
INSERT INTO `jc_model_item` VALUES ('299', '6', 'Director', '导演', '10', null, null, null, '1', '2', null, null, '1', '0', '0', '1', '1');
INSERT INTO `jc_model_item` VALUES ('300', '6', 'Starring', '主演', '10', null, null, null, '1', '30', null, '2', '1', '0', '0', '1', '1');
INSERT INTO `jc_model_item` VALUES ('301', '6', 'VideoType', '视频类型', '70', null, '历史,古装,都市,喜剧,悬疑,动作,谍战,伦理,战争,惊悚', null, '3', '30', null, null, '7', '0', '0', '1', '1');
INSERT INTO `jc_model_item` VALUES ('302', '6', 'Video', '影片信息', '70', null, '正片,预告片', null, '3', '30', null, null, '6', '0', '0', '1', '1');
INSERT INTO `jc_model_item` VALUES ('303', '123', '入库文号', 'rkdwh', '70', '', '', '', '3', '30', '', '', '1', '1', '1', '1', '1');
INSERT INTO `jc_model_item` VALUES ('304', '123', '入库时间', 'rksh', '70', '', '', '', '3', '30', '', '', '5', '1', '1', '1', '1');
INSERT INTO `jc_model_item` VALUES ('305', '123', '入库人员', 'rkry', '70', '', '', '', '3', '30', '', '', '1', '1', '1', '1', '1');
INSERT INTO `jc_model_item` VALUES ('306', '123', 'name', '栏目名称', '10', null, null, null, null, null, null, null, '1', '0', '1', '0', '1');
INSERT INTO `jc_model_item` VALUES ('307', '123', 'path', '访问路径', '10', null, null, null, null, null, null, null, '2', '0', '1', '0', '1');
INSERT INTO `jc_model_item` VALUES ('308', '123', 'title', 'meta标题', '10', null, null, null, null, null, null, null, '1', '0', '1', '0', '1');
INSERT INTO `jc_model_item` VALUES ('309', '123', 'keywords', 'meta关键字', '10', null, null, null, null, null, null, null, '1', '0', '1', '0', '1');
INSERT INTO `jc_model_item` VALUES ('310', '123', 'description', 'meta描述', '10', null, null, null, null, null, null, null, '4', '1', '1', '0', '1');
INSERT INTO `jc_model_item` VALUES ('311', '123', 'tplChannel', '栏目模板', '10', null, null, null, null, null, null, null, '6', '0', '1', '0', '1');
INSERT INTO `jc_model_item` VALUES ('312', '123', 'tplContent', '内容模板', '10', null, null, null, null, null, null, null, '6', '0', '1', '0', '1');
INSERT INTO `jc_model_item` VALUES ('313', '123', 'channelStatic', '栏目静态化', '10', null, null, null, null, null, null, null, '4', '1', '1', '0', '1');
INSERT INTO `jc_model_item` VALUES ('314', '123', 'contentStatic', '内容静态化', '10', null, null, null, null, null, null, null, '4', '1', '1', '0', '1');
INSERT INTO `jc_model_item` VALUES ('315', '123', 'priority', '排列顺序', '10', null, null, null, null, null, null, null, '2', '0', '1', '0', '1');
INSERT INTO `jc_model_item` VALUES ('316', '123', 'display', '显示', '10', null, null, null, null, null, null, null, '8', '0', '1', '0', '1');
INSERT INTO `jc_model_item` VALUES ('317', '123', 'docImg', '文档图片', '10', null, null, null, null, null, null, null, '8', '1', '1', '0', '0');
INSERT INTO `jc_model_item` VALUES ('318', '123', 'finalStep', '终审级别', '10', null, null, null, null, null, null, null, '2', '0', '1', '0', '0');
INSERT INTO `jc_model_item` VALUES ('319', '123', 'afterCheck', '审核后', '10', null, null, null, null, null, null, null, '6', '0', '1', '0', '0');
INSERT INTO `jc_model_item` VALUES ('320', '123', 'commentControl', '评论', '10', null, null, null, null, null, null, null, '8', '0', '1', '0', '0');
INSERT INTO `jc_model_item` VALUES ('321', '123', 'allowUpdown', '顶踩', '10', null, null, null, null, null, null, null, '8', '0', '1', '0', '0');
INSERT INTO `jc_model_item` VALUES ('322', '123', 'viewGroupIds', '浏览权限', '10', null, null, null, null, null, null, null, '7', '0', '1', '0', '0');
INSERT INTO `jc_model_item` VALUES ('323', '123', 'contriGroupIds', '投稿权限', '10', null, null, null, null, null, null, null, '7', '0', '1', '0', '0');
INSERT INTO `jc_model_item` VALUES ('324', '123', 'userIds', '管理权限', '10', null, null, null, null, null, null, null, '7', '1', '1', '0', '0');
INSERT INTO `jc_model_item` VALUES ('325', '123', 'link', '外部链接', '10', null, null, null, null, null, null, null, '1', '1', '1', '0', '0');
INSERT INTO `jc_model_item` VALUES ('326', '123', 'titleImg', '标题图', '10', null, null, null, null, null, null, null, '1', '1', '1', '0', '0');
INSERT INTO `jc_model_item` VALUES ('327', '123', 'contentImg', '内容图', '10', null, null, null, null, null, null, null, '1', '1', '1', '0', '0');
INSERT INTO `jc_model_item` VALUES ('328', '123', 'txt', '内容', '10', null, null, null, null, null, null, null, '4', '1', '1', '0', '0');
INSERT INTO `jc_model_item` VALUES ('329', '123', 'txt1', '内容1', '10', null, null, null, null, null, null, null, '4', '1', '1', '0', '0');
INSERT INTO `jc_model_item` VALUES ('330', '123', 'txt2', '内容2', '10', null, null, null, null, null, null, null, '4', '1', '1', '0', '0');
INSERT INTO `jc_model_item` VALUES ('331', '123', 'txt3', '内容3', '10', null, null, null, null, null, null, null, '4', '1', '1', '0', '0');

-- ----------------------------
-- Table structure for jc_receiver_message
-- ----------------------------
DROP TABLE IF EXISTS `jc_receiver_message`;
CREATE TABLE `jc_receiver_message` (
  `msg_re_id` int(11) NOT NULL AUTO_INCREMENT COMMENT '消息id',
  `msg_title` varchar(255) NOT NULL DEFAULT '' COMMENT '标题',
  `msg_content` longtext COMMENT '站内信息内容',
  `send_time` timestamp NULL DEFAULT NULL COMMENT '发送时间',
  `msg_send_user` int(11) NOT NULL DEFAULT '1' COMMENT '发信息人',
  `msg_receiver_user` int(11) NOT NULL DEFAULT '0' COMMENT '接收人',
  `site_id` int(11) NOT NULL DEFAULT '1' COMMENT '站点',
  `msg_status` tinyint(1) NOT NULL DEFAULT '0' COMMENT '消息状态0未读，1已读',
  `msg_box` int(2) NOT NULL DEFAULT '1' COMMENT '消息信箱 0收件箱 1发件箱 2草稿箱 3垃圾箱',
  `msg_id` int(11) DEFAULT NULL COMMENT '发信的信件id',
  PRIMARY KEY (`msg_re_id`),
  KEY `jc_receiver_message_user_send` (`msg_send_user`),
  KEY `jc_receiver_message_user_receiver` (`msg_receiver_user`),
  KEY `jc_receiver_message_site` (`site_id`),
  KEY `jc_receiver_message_message` (`msg_re_id`),
  KEY `fk_jc_receiver_message_message` (`msg_id`),
  CONSTRAINT `fk_jc_receiver_message_message` FOREIGN KEY (`msg_id`) REFERENCES `jc_message` (`msg_id`),
  CONSTRAINT `fk_jc_receiver_message_site` FOREIGN KEY (`site_id`) REFERENCES `jc_site` (`site_id`),
  CONSTRAINT `fk_jc_receiver_message_user_receiver` FOREIGN KEY (`msg_receiver_user`) REFERENCES `jc_user` (`user_id`),
  CONSTRAINT `fk_jc_receiver_message_user_send` FOREIGN KEY (`msg_send_user`) REFERENCES `jc_user` (`user_id`)
) ENGINE=InnoDB DEFAULT CHARSET=utf8 COMMENT='站内信收信表';

-- ----------------------------
-- Records of jc_receiver_message
-- ----------------------------

-- ----------------------------
-- Table structure for jc_role
-- ----------------------------
DROP TABLE IF EXISTS `jc_role`;
CREATE TABLE `jc_role` (
  `role_id` int(11) NOT NULL AUTO_INCREMENT,
  `site_id` int(11) DEFAULT NULL,
  `role_name` varchar(100) NOT NULL COMMENT '角色名称',
  `priority` int(11) NOT NULL DEFAULT '10' COMMENT '排列顺序',
  `is_super` char(1) NOT NULL DEFAULT '0' COMMENT '拥有所有权限',
  PRIMARY KEY (`role_id`),
  KEY `fk_jc_role_site` (`site_id`),
  CONSTRAINT `fk_jc_role_site` FOREIGN KEY (`site_id`) REFERENCES `jc_site` (`site_id`)
) ENGINE=InnoDB AUTO_INCREMENT=2 DEFAULT CHARSET=utf8 COMMENT='CMS角色表';

-- ----------------------------
-- Records of jc_role
-- ----------------------------
INSERT INTO `jc_role` VALUES ('1', null, '管理员', '10', '1');

-- ----------------------------
-- Table structure for jc_role_permission
-- ----------------------------
DROP TABLE IF EXISTS `jc_role_permission`;
CREATE TABLE `jc_role_permission` (
  `role_id` int(11) NOT NULL,
  `uri` varchar(100) NOT NULL,
  KEY `fk_jc_permission_role` (`role_id`),
  CONSTRAINT `fk_jc_permission_role` FOREIGN KEY (`role_id`) REFERENCES `jc_role` (`role_id`)
) ENGINE=InnoDB DEFAULT CHARSET=utf8 COMMENT='CMS角色授权表';

-- ----------------------------
-- Records of jc_role_permission
-- ----------------------------

-- ----------------------------
-- Table structure for jc_sensitivity
-- ----------------------------
DROP TABLE IF EXISTS `jc_sensitivity`;
CREATE TABLE `jc_sensitivity` (
  `sensitivity_id` int(11) NOT NULL AUTO_INCREMENT,
  `search` varchar(255) NOT NULL COMMENT '敏感词',
  `replacement` varchar(255) NOT NULL COMMENT '替换词',
  PRIMARY KEY (`sensitivity_id`)
) ENGINE=InnoDB AUTO_INCREMENT=2 DEFAULT CHARSET=utf8 COMMENT='CMS敏感词表';

-- ----------------------------
-- Records of jc_sensitivity
-- ----------------------------
INSERT INTO `jc_sensitivity` VALUES ('1', '法论功', '***');

-- ----------------------------
-- Table structure for jc_site
-- ----------------------------
DROP TABLE IF EXISTS `jc_site`;
CREATE TABLE `jc_site` (
  `site_id` int(11) NOT NULL AUTO_INCREMENT,
  `config_id` int(11) NOT NULL COMMENT '配置ID',
  `ftp_upload_id` int(11) DEFAULT NULL COMMENT '上传ftp',
  `domain` varchar(50) NOT NULL COMMENT '域名',
  `site_path` varchar(20) NOT NULL COMMENT '路径',
  `site_name` varchar(100) NOT NULL COMMENT '网站名称',
  `short_name` varchar(100) NOT NULL COMMENT '简短名称',
  `protocol` varchar(20) NOT NULL DEFAULT 'http://' COMMENT '协议',
  `dynamic_suffix` varchar(10) NOT NULL DEFAULT '.jhtml' COMMENT '动态页后缀',
  `static_suffix` varchar(10) NOT NULL DEFAULT '.html' COMMENT '静态页后缀',
  `static_dir` varchar(50) DEFAULT NULL COMMENT '静态页存放目录',
  `is_index_to_root` char(1) NOT NULL DEFAULT '0' COMMENT '是否使用将首页放在根目录下',
  `is_static_index` char(1) NOT NULL DEFAULT '0' COMMENT '是否静态化首页',
  `locale_admin` varchar(10) NOT NULL DEFAULT 'zh_CN' COMMENT '后台本地化',
  `locale_front` varchar(10) NOT NULL DEFAULT 'zh_CN' COMMENT '前台本地化',
  `tpl_solution` varchar(50) NOT NULL DEFAULT 'default' COMMENT '模板方案',
  `final_step` tinyint(4) NOT NULL DEFAULT '2' COMMENT '终审级别',
  `after_check` tinyint(4) NOT NULL DEFAULT '2' COMMENT '审核后(1:不能修改删除;2:修改后退回;3:修改后不变)',
  `is_relative_path` char(1) NOT NULL DEFAULT '1' COMMENT '是否使用相对路径',
  `is_recycle_on` char(1) NOT NULL DEFAULT '1' COMMENT '是否开启回收站',
  `domain_alias` varchar(255) DEFAULT NULL COMMENT '域名别名',
  `domain_redirect` varchar(255) DEFAULT NULL COMMENT '域名重定向',
  `is_master` tinyint(1) DEFAULT '0' COMMENT '是否主站',
  PRIMARY KEY (`site_id`),
  UNIQUE KEY `ak_domain` (`domain`),
  KEY `fk_jc_site_config` (`config_id`),
  KEY `fk_jc_site_upload_ftp` (`ftp_upload_id`),
  CONSTRAINT `fk_jc_site_config` FOREIGN KEY (`config_id`) REFERENCES `jc_config` (`config_id`),
  CONSTRAINT `fk_jc_site_upload_ftp` FOREIGN KEY (`ftp_upload_id`) REFERENCES `jo_ftp` (`ftp_id`)
) ENGINE=InnoDB AUTO_INCREMENT=2 DEFAULT CHARSET=utf8 COMMENT='CMS站点表';

-- ----------------------------
-- Records of jc_site
-- ----------------------------
INSERT INTO `jc_site` VALUES ('1', '1', null, 'localhost', 'www', '易汇网', '易汇网', 'http://', '.htm', '.html', '', '1', '0', 'zh_CN', 'zh_CN', 'red', '2', '1', '1', '1', '', '', '0');

-- ----------------------------
-- Table structure for jc_site_attr
-- ----------------------------
DROP TABLE IF EXISTS `jc_site_attr`;
CREATE TABLE `jc_site_attr` (
  `site_id` int(11) NOT NULL,
  `attr_name` varchar(30) NOT NULL COMMENT '名称',
  `attr_value` varchar(255) DEFAULT NULL COMMENT '值',
  KEY `fk_jc_attr_site` (`site_id`),
  CONSTRAINT `fk_jc_attr_site` FOREIGN KEY (`site_id`) REFERENCES `jc_site` (`site_id`)
) ENGINE=InnoDB DEFAULT CHARSET=utf8 COMMENT='CMS站点属性表';

-- ----------------------------
-- Records of jc_site_attr
-- ----------------------------

-- ----------------------------
-- Table structure for jc_site_cfg
-- ----------------------------
DROP TABLE IF EXISTS `jc_site_cfg`;
CREATE TABLE `jc_site_cfg` (
  `site_id` int(11) NOT NULL,
  `cfg_name` varchar(30) NOT NULL COMMENT '名称',
  `cfg_value` varchar(255) DEFAULT NULL COMMENT '值',
  KEY `fk_jc_cfg_site` (`site_id`),
  CONSTRAINT `fk_jc_cfg_site` FOREIGN KEY (`site_id`) REFERENCES `jc_site` (`site_id`)
) ENGINE=InnoDB DEFAULT CHARSET=utf8 COMMENT='CMS站点配置表';

-- ----------------------------
-- Records of jc_site_cfg
-- ----------------------------

-- ----------------------------
-- Table structure for jc_site_company
-- ----------------------------
DROP TABLE IF EXISTS `jc_site_company`;
CREATE TABLE `jc_site_company` (
  `site_id` int(11) NOT NULL DEFAULT '0',
  `name` varchar(255) NOT NULL COMMENT '公司名称',
  `scale` varchar(255) DEFAULT NULL COMMENT '公司规模',
  `nature` varchar(255) DEFAULT NULL COMMENT '公司性质',
  `industry` varchar(1000) DEFAULT NULL COMMENT '公司行业',
  `contact` varchar(500) DEFAULT NULL COMMENT '联系方式',
  `description` text COMMENT '公司简介',
  `address` varchar(500) DEFAULT NULL COMMENT '公司地址',
  `longitude` float(5,2) DEFAULT NULL COMMENT '经度',
  `latitude` float(4,2) DEFAULT NULL COMMENT '纬度',
  PRIMARY KEY (`site_id`),
  CONSTRAINT `fk_jc_company_site` FOREIGN KEY (`site_id`) REFERENCES `jc_site` (`site_id`)
) ENGINE=InnoDB DEFAULT CHARSET=utf8 COMMENT='公司信息';

-- ----------------------------
-- Records of jc_site_company
-- ----------------------------

-- ----------------------------
-- Table structure for jc_site_flow
-- ----------------------------
DROP TABLE IF EXISTS `jc_site_flow`;
CREATE TABLE `jc_site_flow` (
  `flow_id` int(11) NOT NULL AUTO_INCREMENT,
  `site_id` int(11) DEFAULT NULL,
  `access_ip` varchar(50) NOT NULL DEFAULT '127.0.0.1' COMMENT '访问者ip',
  `access_date` varchar(50) DEFAULT NULL COMMENT '访问日期',
  `access_time` datetime DEFAULT NULL COMMENT '访问时间',
  `access_page` varchar(255) NOT NULL DEFAULT '' COMMENT '访问页面',
  `referer_website` varchar(255) DEFAULT NULL COMMENT '来访网站',
  `referer_page` varchar(255) DEFAULT NULL COMMENT '来访页面',
  `referer_keyword` varchar(255) DEFAULT NULL COMMENT '来访关键字',
  `area` varchar(50) DEFAULT NULL COMMENT '地区',
  `session_id` varchar(50) NOT NULL DEFAULT '' COMMENT 'cookie信息',
  PRIMARY KEY (`flow_id`),
  KEY `fk_jc_flow_site` (`site_id`),
  CONSTRAINT `fk_jc_flow_site` FOREIGN KEY (`site_id`) REFERENCES `jc_site` (`site_id`)
) ENGINE=InnoDB AUTO_INCREMENT=3 DEFAULT CHARSET=utf8 COMMENT='站点流量统计表';

-- ----------------------------
-- Records of jc_site_flow
-- ----------------------------

-- ----------------------------
-- Table structure for jc_site_model
-- ----------------------------
DROP TABLE IF EXISTS `jc_site_model`;
CREATE TABLE `jc_site_model` (
  `model_id` int(11) NOT NULL AUTO_INCREMENT,
  `field` varchar(50) NOT NULL COMMENT '字段',
  `model_label` varchar(100) NOT NULL COMMENT '名称',
  `priority` int(11) NOT NULL DEFAULT '10' COMMENT '排列顺序',
  `upload_path` varchar(100) DEFAULT NULL COMMENT '上传路径',
  `text_size` varchar(20) DEFAULT NULL COMMENT '长度',
  `area_rows` varchar(3) DEFAULT NULL COMMENT '文本行数',
  `area_cols` varchar(3) DEFAULT NULL COMMENT '文本列数',
  `help` varchar(255) DEFAULT NULL COMMENT '帮助信息',
  `help_position` varchar(1) DEFAULT NULL COMMENT '帮助位置',
  `data_type` int(11) DEFAULT '1' COMMENT '0:编辑器;1:文本框;2:文本区;3:图片;4:附件',
  `is_single` tinyint(1) DEFAULT '1' COMMENT '是否独占一行',
  PRIMARY KEY (`model_id`),
  UNIQUE KEY `ak_field` (`field`)
) ENGINE=InnoDB DEFAULT CHARSET=utf8 COMMENT='CMS站点信息模型表';

-- ----------------------------
-- Records of jc_site_model
-- ----------------------------

-- ----------------------------
-- Table structure for jc_site_txt
-- ----------------------------
DROP TABLE IF EXISTS `jc_site_txt`;
CREATE TABLE `jc_site_txt` (
  `site_id` int(11) NOT NULL,
  `txt_name` varchar(30) NOT NULL COMMENT '名称',
  `txt_value` longtext COMMENT '值',
  KEY `fk_jc_txt_site` (`site_id`),
  CONSTRAINT `fk_jc_txt_site` FOREIGN KEY (`site_id`) REFERENCES `jc_site` (`site_id`)
) ENGINE=InnoDB DEFAULT CHARSET=utf8 COMMENT='CMS站点文本表';

-- ----------------------------
-- Records of jc_site_txt
-- ----------------------------

-- ----------------------------
-- Table structure for jc_task
-- ----------------------------
DROP TABLE IF EXISTS `jc_task`;
CREATE TABLE `jc_task` (
  `task_id` int(11) NOT NULL AUTO_INCREMENT,
  `task_code` varchar(255) DEFAULT NULL COMMENT '任务执行代码',
  `task_type` tinyint(1) NOT NULL DEFAULT '0' COMMENT '任务类型(1首页静态化、2栏目页静态化、3内容页静态化、4采集、5分发)',
  `task_name` varchar(255) NOT NULL COMMENT '任务名称',
  `job_class` varchar(255) NOT NULL COMMENT '任务类',
  `execycle` tinyint(1) NOT NULL DEFAULT '1' COMMENT '执行周期分类(1非表达式 2 cron表达式)',
  `day_of_month` int(11) DEFAULT NULL COMMENT '每月的哪天',
  `day_of_week` tinyint(1) DEFAULT NULL COMMENT '周几',
  `hour` int(11) DEFAULT NULL COMMENT '小时',
  `minute` int(11) DEFAULT NULL COMMENT '分钟',
  `interval_hour` int(11) DEFAULT NULL COMMENT '间隔小时',
  `interval_minute` int(11) DEFAULT NULL COMMENT '间隔分钟',
  `task_interval_unit` tinyint(1) DEFAULT NULL COMMENT '1分钟、2小时、3日、4周、5月',
  `cron_expression` varchar(255) DEFAULT NULL COMMENT '规则表达式',
  `is_enable` tinyint(1) NOT NULL DEFAULT '1' COMMENT '是否启用',
  `task_remark` varchar(255) DEFAULT NULL COMMENT '任务说明',
  `site_id` int(11) NOT NULL COMMENT '站点',
  `user_id` int(11) NOT NULL COMMENT '创建者',
  `create_time` datetime NOT NULL COMMENT '创建时间',
  PRIMARY KEY (`task_id`),
  KEY `fk_jc_task_site` (`site_id`),
  CONSTRAINT `fk_jc_task_site` FOREIGN KEY (`site_id`) REFERENCES `jc_site` (`site_id`)
) ENGINE=InnoDB DEFAULT CHARSET=utf8 COMMENT='任务表';

-- ----------------------------
-- Records of jc_task
-- ----------------------------

-- ----------------------------
-- Table structure for jc_task_attr
-- ----------------------------
DROP TABLE IF EXISTS `jc_task_attr`;
CREATE TABLE `jc_task_attr` (
  `task_id` int(11) NOT NULL,
  `param_name` varchar(30) NOT NULL COMMENT '参数名称',
  `param_value` varchar(255) DEFAULT NULL COMMENT '参数值',
  KEY `fk_jc_attr_task` (`task_id`),
  CONSTRAINT `fk_jc_attr_task` FOREIGN KEY (`task_id`) REFERENCES `jc_task` (`task_id`)
) ENGINE=InnoDB DEFAULT CHARSET=utf8 COMMENT='任务参数表';

-- ----------------------------
-- Records of jc_task_attr
-- ----------------------------

-- ----------------------------
-- Table structure for jc_topic
-- ----------------------------
DROP TABLE IF EXISTS `jc_topic`;
CREATE TABLE `jc_topic` (
  `topic_id` int(11) NOT NULL AUTO_INCREMENT,
  `channel_id` int(11) DEFAULT NULL,
  `topic_name` varchar(150) NOT NULL COMMENT '名称',
  `short_name` varchar(150) DEFAULT NULL COMMENT '简称',
  `keywords` varchar(255) DEFAULT NULL COMMENT '关键字',
  `description` varchar(255) DEFAULT NULL COMMENT '描述',
  `title_img` varchar(100) DEFAULT NULL COMMENT '标题图',
  `content_img` varchar(100) DEFAULT NULL COMMENT '内容图',
  `tpl_content` varchar(100) DEFAULT NULL COMMENT '专题模板',
  `priority` int(11) NOT NULL DEFAULT '10' COMMENT '排列顺序',
  `is_recommend` tinyint(1) NOT NULL DEFAULT '0' COMMENT '是否推??',
  `release_date` datetime DEFAULT NULL,
  PRIMARY KEY (`topic_id`),
  KEY `fk_jc_topic_channel` (`channel_id`),
  CONSTRAINT `fk_jc_topic_channel` FOREIGN KEY (`channel_id`) REFERENCES `jc_channel` (`channel_id`)
) ENGINE=InnoDB DEFAULT CHARSET=utf8 COMMENT='CMS专题表';

-- ----------------------------
-- Records of jc_topic
-- ----------------------------

-- ----------------------------
-- Table structure for jc_user
-- ----------------------------
DROP TABLE IF EXISTS `jc_user`;
CREATE TABLE `jc_user` (
  `user_id` int(11) NOT NULL,
  `group_id` int(11) NOT NULL,
  `username` varchar(100) NOT NULL COMMENT '用户名',
  `email` varchar(100) DEFAULT NULL COMMENT '邮箱',
  `register_time` datetime NOT NULL COMMENT '注册时间',
  `register_ip` varchar(50) NOT NULL DEFAULT '127.0.0.1' COMMENT '注册IP',
  `last_login_time` datetime NOT NULL COMMENT '最后登录时间',
  `last_login_ip` varchar(50) NOT NULL DEFAULT '127.0.0.1' COMMENT '最后登录IP',
  `login_count` int(11) NOT NULL DEFAULT '0' COMMENT '登录次数',
  `rank` int(11) NOT NULL DEFAULT '0' COMMENT '管理员级别',
  `upload_total` bigint(20) NOT NULL DEFAULT '0' COMMENT '上传总大小',
  `upload_size` int(11) NOT NULL DEFAULT '0' COMMENT '上传大小',
  `upload_date` date DEFAULT NULL COMMENT '上传日期',
  `is_admin` tinyint(1) NOT NULL DEFAULT '0' COMMENT '是否管理员',
  `is_viewonly_admin` tinyint(1) NOT NULL DEFAULT '0' COMMENT '是否只读管理员',
  `is_self_admin` tinyint(1) NOT NULL DEFAULT '0' COMMENT '是否只管理自己的数据',
  `is_disabled` tinyint(1) NOT NULL DEFAULT '0' COMMENT '是否禁用',
  PRIMARY KEY (`user_id`),
  UNIQUE KEY `ak_username` (`username`),
  KEY `fk_jc_user_group` (`group_id`),
  CONSTRAINT `fk_jc_user_group` FOREIGN KEY (`group_id`) REFERENCES `jc_group` (`group_id`)
) ENGINE=InnoDB DEFAULT CHARSET=utf8 COMMENT='CMS用户表';

-- ----------------------------
-- Records of jc_user
-- ----------------------------
INSERT INTO `jc_user` VALUES ('1', '1', 'admin', 'admin@yahoo.com', '2011-01-03 00:00:00', '127.0.0.1', '2014-10-31 18:01:55', '0:0:0:0:0:0:0:1', '484', '9', '63', '63', '2013-07-10', '1', '0', '0', '0');

-- ----------------------------
-- Table structure for jc_user_collection
-- ----------------------------
DROP TABLE IF EXISTS `jc_user_collection`;
CREATE TABLE `jc_user_collection` (
  `user_id` int(11) NOT NULL DEFAULT '0' COMMENT '用户id',
  `content_id` int(11) NOT NULL DEFAULT '0' COMMENT '内容id',
  PRIMARY KEY (`user_id`,`content_id`),
  KEY `fk_jc_user_collection_con` (`content_id`),
  CONSTRAINT `fk_jc_user_collection_con` FOREIGN KEY (`content_id`) REFERENCES `jc_content` (`content_id`),
  CONSTRAINT `fk_jc_user_collection_user` FOREIGN KEY (`user_id`) REFERENCES `jc_user` (`user_id`)
) ENGINE=InnoDB DEFAULT CHARSET=utf8 COMMENT='用户收藏关联表';

-- ----------------------------
-- Records of jc_user_collection
-- ----------------------------

-- ----------------------------
-- Table structure for jc_user_ext
-- ----------------------------
DROP TABLE IF EXISTS `jc_user_ext`;
CREATE TABLE `jc_user_ext` (
  `user_id` int(11) NOT NULL,
  `realname` varchar(100) DEFAULT NULL COMMENT '真实姓名',
  `gender` tinyint(1) DEFAULT NULL COMMENT '性别',
  `birthday` datetime DEFAULT NULL COMMENT '出生日期',
  `intro` varchar(255) DEFAULT NULL COMMENT '个人介绍',
  `comefrom` varchar(150) DEFAULT NULL COMMENT '来自',
  `qq` varchar(100) DEFAULT NULL COMMENT 'QQ',
  `msn` varchar(100) DEFAULT NULL COMMENT 'MSN',
  `phone` varchar(50) DEFAULT NULL COMMENT '电话',
  `mobile` varchar(50) DEFAULT NULL COMMENT '手机',
  `user_img` varchar(255) DEFAULT NULL COMMENT '用户头像',
  `user_signature` varchar(255) DEFAULT NULL COMMENT '用户个性签名',
  PRIMARY KEY (`user_id`),
  CONSTRAINT `fk_jc_ext_user` FOREIGN KEY (`user_id`) REFERENCES `jc_user` (`user_id`)
) ENGINE=InnoDB DEFAULT CHARSET=utf8 COMMENT='CMS用户扩展信息表';

-- ----------------------------
-- Records of jc_user_ext
-- ----------------------------
INSERT INTO `jc_user_ext` VALUES ('1', '易汇管理员', '1', null, null, '南昌', null, null, null, '15011111111', '', '');
INSERT INTO `jc_user_ext` VALUES ('2', null, '1', null, null, ',', null, null, null, null, null, null);

-- ----------------------------
-- Table structure for jc_user_resume
-- ----------------------------
DROP TABLE IF EXISTS `jc_user_resume`;
CREATE TABLE `jc_user_resume` (
  `user_id` int(11) NOT NULL,
  `resume_name` varchar(255) NOT NULL COMMENT '简历名称',
  `target_worknature` varchar(255) DEFAULT NULL COMMENT '期望工作性质',
  `target_workplace` varchar(255) DEFAULT NULL COMMENT '期望工作地点',
  `target_category` varchar(255) DEFAULT NULL COMMENT '期望职位类别',
  `target_salary` varchar(255) DEFAULT NULL COMMENT '期望月薪',
  `edu_school` varchar(255) DEFAULT NULL COMMENT '毕业学校',
  `edu_graduation` datetime DEFAULT NULL COMMENT '毕业时间',
  `edu_back` varchar(255) DEFAULT NULL COMMENT '学历',
  `edu_discipline` varchar(255) DEFAULT NULL COMMENT '专业',
  `recent_company` varchar(500) DEFAULT NULL COMMENT '最近工作公司名称',
  `company_industry` varchar(255) DEFAULT NULL COMMENT '最近公司所属行业',
  `company_scale` varchar(255) DEFAULT NULL COMMENT '公司规模',
  `job_name` varchar(255) DEFAULT NULL COMMENT '职位名称',
  `job_category` varchar(255) DEFAULT NULL COMMENT '职位类别',
  `job_start` datetime DEFAULT NULL COMMENT '工作起始时间',
  `subordinates` varchar(255) DEFAULT NULL COMMENT '下属人数',
  `job_description` text COMMENT '工作描述',
  `self_evaluation` varchar(2000) DEFAULT NULL COMMENT '自我评价',
  PRIMARY KEY (`user_id`),
  CONSTRAINT `fk_jc_resume_user` FOREIGN KEY (`user_id`) REFERENCES `jc_user` (`user_id`)
) ENGINE=InnoDB DEFAULT CHARSET=utf8 COMMENT='用户简历';

-- ----------------------------
-- Records of jc_user_resume
-- ----------------------------

-- ----------------------------
-- Table structure for jc_user_role
-- ----------------------------
DROP TABLE IF EXISTS `jc_user_role`;
CREATE TABLE `jc_user_role` (
  `role_id` int(11) NOT NULL,
  `user_id` int(11) NOT NULL,
  PRIMARY KEY (`role_id`,`user_id`),
  KEY `fk_jc_role_user` (`user_id`),
  CONSTRAINT `fk_jc_role_user` FOREIGN KEY (`user_id`) REFERENCES `jc_user` (`user_id`),
  CONSTRAINT `fk_jc_user_role` FOREIGN KEY (`role_id`) REFERENCES `jc_role` (`role_id`)
) ENGINE=InnoDB DEFAULT CHARSET=utf8 COMMENT='CMS用户角色关联表';

-- ----------------------------
-- Records of jc_user_role
-- ----------------------------
INSERT INTO `jc_user_role` VALUES ('1', '1');

-- ----------------------------
-- Table structure for jc_user_site
-- ----------------------------
DROP TABLE IF EXISTS `jc_user_site`;
CREATE TABLE `jc_user_site` (
  `usersite_id` int(11) NOT NULL AUTO_INCREMENT,
  `user_id` int(11) NOT NULL,
  `site_id` int(11) NOT NULL,
  `check_step` tinyint(4) NOT NULL DEFAULT '1' COMMENT '审核级别',
  `is_all_channel` tinyint(1) NOT NULL DEFAULT '1' COMMENT '是否拥有所有栏目的权限',
  PRIMARY KEY (`usersite_id`),
  KEY `fk_jc_site_user` (`user_id`),
  KEY `fk_jc_user_site` (`site_id`),
  CONSTRAINT `fk_jc_site_user` FOREIGN KEY (`user_id`) REFERENCES `jc_user` (`user_id`),
  CONSTRAINT `fk_jc_user_site` FOREIGN KEY (`site_id`) REFERENCES `jc_site` (`site_id`)
) ENGINE=InnoDB AUTO_INCREMENT=2 DEFAULT CHARSET=utf8 COMMENT='CMS管理员站点表';

-- ----------------------------
-- Records of jc_user_site
-- ----------------------------
INSERT INTO `jc_user_site` VALUES ('1', '1', '1', '2', '1');

-- ----------------------------
-- Table structure for jc_vote_item
-- ----------------------------
DROP TABLE IF EXISTS `jc_vote_item`;
CREATE TABLE `jc_vote_item` (
  `voteitem_id` int(11) NOT NULL AUTO_INCREMENT,
  `votetopic_id` int(11) NOT NULL,
  `title` varchar(255) NOT NULL COMMENT '标题',
  `vote_count` int(11) NOT NULL DEFAULT '0' COMMENT '投票数量',
  `priority` int(11) NOT NULL DEFAULT '10' COMMENT '排列顺序',
  `subtopic_id` int(11) DEFAULT NULL,
  PRIMARY KEY (`voteitem_id`),
  KEY `fk_jc_vote_item_topic` (`votetopic_id`),
  KEY `FK_jc_vote_item_subtopic` (`subtopic_id`),
  CONSTRAINT `FK_jc_vote_item_subtopic` FOREIGN KEY (`subtopic_id`) REFERENCES `jc_vote_subtopic` (`subtopic_id`),
  CONSTRAINT `fk_jc_vote_item_topic` FOREIGN KEY (`votetopic_id`) REFERENCES `jc_vote_topic` (`votetopic_id`)
) ENGINE=InnoDB DEFAULT CHARSET=utf8 COMMENT='CMS投票项';

-- ----------------------------
-- Records of jc_vote_item
-- ----------------------------

-- ----------------------------
-- Table structure for jc_vote_record
-- ----------------------------
DROP TABLE IF EXISTS `jc_vote_record`;
CREATE TABLE `jc_vote_record` (
  `voterecored_id` int(11) NOT NULL AUTO_INCREMENT,
  `user_id` int(11) DEFAULT NULL,
  `votetopic_id` int(11) NOT NULL,
  `vote_time` datetime NOT NULL COMMENT '投票时间',
  `vote_ip` varchar(50) NOT NULL COMMENT '投票IP',
  `vote_cookie` varchar(32) NOT NULL COMMENT '投票COOKIE',
  PRIMARY KEY (`voterecored_id`),
  KEY `fk_jc_vote_record_topic` (`votetopic_id`),
  KEY `fk_jc_voterecord_user` (`user_id`),
  CONSTRAINT `fk_jc_voterecord_user` FOREIGN KEY (`user_id`) REFERENCES `jc_user` (`user_id`),
  CONSTRAINT `fk_jc_vote_record_topic` FOREIGN KEY (`votetopic_id`) REFERENCES `jc_vote_topic` (`votetopic_id`)
) ENGINE=InnoDB DEFAULT CHARSET=utf8 COMMENT='CMS投票记录';

-- ----------------------------
-- Records of jc_vote_record
-- ----------------------------

-- ----------------------------
-- Table structure for jc_vote_reply
-- ----------------------------
DROP TABLE IF EXISTS `jc_vote_reply`;
CREATE TABLE `jc_vote_reply` (
  `votereply_id` int(11) NOT NULL AUTO_INCREMENT,
  `reply` text COMMENT '回复内容',
  `subtopic_id` int(11) DEFAULT NULL,
  PRIMARY KEY (`votereply_id`),
  KEY `FK_jc_vote_reply_sub` (`subtopic_id`),
  CONSTRAINT `FK_jc_vote_reply_sub` FOREIGN KEY (`subtopic_id`) REFERENCES `jc_vote_subtopic` (`subtopic_id`)
) ENGINE=InnoDB DEFAULT CHARSET=utf8 COMMENT='投票文本题目回复表';

-- ----------------------------
-- Records of jc_vote_reply
-- ----------------------------

-- ----------------------------
-- Table structure for jc_vote_subtopic
-- ----------------------------
DROP TABLE IF EXISTS `jc_vote_subtopic`;
CREATE TABLE `jc_vote_subtopic` (
  `subtopic_id` int(11) NOT NULL AUTO_INCREMENT,
  `title` varchar(255) NOT NULL DEFAULT '' COMMENT '标题',
  `votetopic_id` int(11) NOT NULL DEFAULT '0' COMMENT '投票（调查）',
  `subtopic_type` int(2) NOT NULL DEFAULT '1' COMMENT '类型（1单选，2多选，3文本）',
  `priority` int(11) DEFAULT NULL,
  PRIMARY KEY (`subtopic_id`),
  KEY `FK_jc_vote_subtopic_vote` (`votetopic_id`),
  CONSTRAINT `FK_jc_vote_subtopic_vote` FOREIGN KEY (`votetopic_id`) REFERENCES `jc_vote_topic` (`votetopic_id`)
) ENGINE=InnoDB DEFAULT CHARSET=utf8 COMMENT='投票子题目';

-- ----------------------------
-- Records of jc_vote_subtopic
-- ----------------------------

-- ----------------------------
-- Table structure for jc_vote_topic
-- ----------------------------
DROP TABLE IF EXISTS `jc_vote_topic`;
CREATE TABLE `jc_vote_topic` (
  `votetopic_id` int(11) NOT NULL AUTO_INCREMENT,
  `site_id` int(11) NOT NULL,
  `title` varchar(255) NOT NULL COMMENT '标题',
  `description` varchar(255) DEFAULT NULL COMMENT '描述',
  `start_time` datetime DEFAULT NULL COMMENT '开始时间',
  `end_time` datetime DEFAULT NULL COMMENT '结束时间',
  `repeate_hour` int(11) DEFAULT NULL COMMENT '重复投票限制时间，单位小时，为空不允许重复投票',
  `total_count` int(11) NOT NULL DEFAULT '0' COMMENT '总投票数',
  `multi_select` int(11) NOT NULL DEFAULT '1' COMMENT '最多可以选择几项',
  `is_restrict_member` tinyint(1) NOT NULL DEFAULT '0' COMMENT '是否限制会员',
  `is_restrict_ip` tinyint(1) NOT NULL DEFAULT '0' COMMENT '是否限制IP',
  `is_restrict_cookie` tinyint(1) NOT NULL DEFAULT '0' COMMENT '是否限制COOKIE',
  `is_disabled` tinyint(1) NOT NULL DEFAULT '0' COMMENT '是否禁用',
  `is_def` tinyint(1) NOT NULL DEFAULT '0' COMMENT '是否默认主题',
  PRIMARY KEY (`votetopic_id`),
  KEY `fk_jc_votetopic_site` (`site_id`),
  CONSTRAINT `fk_jc_votetopic_site` FOREIGN KEY (`site_id`) REFERENCES `jc_site` (`site_id`)
) ENGINE=InnoDB DEFAULT CHARSET=utf8 COMMENT='CMS投票主题';

-- ----------------------------
-- Records of jc_vote_topic
-- ----------------------------

-- ----------------------------
-- Table structure for jo_authentication
-- ----------------------------
DROP TABLE IF EXISTS `jo_authentication`;
CREATE TABLE `jo_authentication` (
  `authentication_id` char(32) NOT NULL COMMENT '认证ID',
  `userid` int(11) NOT NULL COMMENT '用户ID',
  `username` varchar(100) NOT NULL COMMENT '用户名',
  `email` varchar(100) DEFAULT NULL COMMENT '邮箱',
  `login_time` datetime NOT NULL COMMENT '登录时间',
  `login_ip` varchar(50) NOT NULL COMMENT '登录ip',
  `update_time` datetime NOT NULL COMMENT '更新时间',
  PRIMARY KEY (`authentication_id`)
) ENGINE=InnoDB DEFAULT CHARSET=utf8 COMMENT='认证信息表';

-- ----------------------------
-- Records of jo_authentication
-- ----------------------------
INSERT INTO `jo_authentication` VALUES ('6da00d2754ab4abca806b61ab241dc07', '1', 'admin', 'admin@yahoo.com', '2014-10-31 18:01:55', '0:0:0:0:0:0:0:1', '2014-10-31 18:02:48');

-- ----------------------------
-- Table structure for jo_config
-- ----------------------------
DROP TABLE IF EXISTS `jo_config`;
CREATE TABLE `jo_config` (
  `cfg_key` varchar(50) NOT NULL COMMENT '配置KEY',
  `cfg_value` varchar(255) DEFAULT NULL COMMENT '配置VALUE',
  PRIMARY KEY (`cfg_key`)
) ENGINE=InnoDB DEFAULT CHARSET=utf8 COMMENT='配置表';

-- ----------------------------
-- Records of jo_config
-- ----------------------------
INSERT INTO `jo_config` VALUES ('email_encoding', '');
INSERT INTO `jo_config` VALUES ('email_host', 'smtp.qq.com');
INSERT INTO `jo_config` VALUES ('email_password', 'ibrebates');
INSERT INTO `jo_config` VALUES ('email_personal', '');
INSERT INTO `jo_config` VALUES ('email_port', null);
INSERT INTO `jo_config` VALUES ('email_username', '2283752600@qq.com');
INSERT INTO `jo_config` VALUES ('login_error_interval', '30');
INSERT INTO `jo_config` VALUES ('login_error_times', '3');
INSERT INTO `jo_config` VALUES ('message_forgotpassword_subject', '找回密码');
INSERT INTO `jo_config` VALUES ('message_forgotpassword_text', '感谢您使用ibrebates系统会员密码找回功能，请记住以下找回信息：\r\n用户ID：${uid}\r\n用户名：${username}\r\n您的新密码为：${resetPwd}\r\n请访问如下链接新密码才能生效：\r\nhttp://localhost/ibrebatesv5/member/password_reset.jspx?uid=${uid}&key=${resetKey}');
INSERT INTO `jo_config` VALUES ('message_register_subject', '欢迎您注册ibrebates用户');
INSERT INTO `jo_config` VALUES ('message_register_text', '${username}您好：\r\n欢迎您注册ibrebates系统会员\r\n请点击以下链接进行激活\r\nhttp://localhost/ibrebatesv5/active.jspx?username=${username}&key=${activationCode}');
INSERT INTO `jo_config` VALUES ('message_subject', 'ibrebates会员密码找回信息');
INSERT INTO `jo_config` VALUES ('message_text', '感谢您使用ibrebates系统会员密码找回功能，请记住以下找回信息：\r\n用户ID：${uid}\r\n用户名：${username}\r\n您的新密码为：${resetPwd}\r\n请访问如下链接新密码才能生效：\r\nhttp://localhost/member/password_reset.jspx?uid=${uid}&key=${resetKey}\r\n');

-- ----------------------------
-- Table structure for jo_ftp
-- ----------------------------
DROP TABLE IF EXISTS `jo_ftp`;
CREATE TABLE `jo_ftp` (
  `ftp_id` int(11) NOT NULL AUTO_INCREMENT,
  `ftp_name` varchar(100) NOT NULL COMMENT '名称',
  `ip` varchar(50) NOT NULL COMMENT 'IP',
  `port` int(11) NOT NULL DEFAULT '21' COMMENT '端口号',
  `username` varchar(100) DEFAULT NULL COMMENT '登录名',
  `password` varchar(100) DEFAULT NULL COMMENT '登陆密码',
  `encoding` varchar(20) NOT NULL DEFAULT 'UTF-8' COMMENT '编码',
  `timeout` int(11) DEFAULT NULL COMMENT '超时时间',
  `ftp_path` varchar(255) DEFAULT NULL COMMENT '路径',
  `url` varchar(255) NOT NULL COMMENT '访问URL',
  PRIMARY KEY (`ftp_id`)
) ENGINE=InnoDB DEFAULT CHARSET=utf8 COMMENT='FTP表';

-- ----------------------------
-- Records of jo_ftp
-- ----------------------------

-- ----------------------------
-- Table structure for jo_template
-- ----------------------------
DROP TABLE IF EXISTS `jo_template`;
CREATE TABLE `jo_template` (
  `tpl_name` varchar(150) NOT NULL COMMENT '模板名称',
  `tpl_source` longtext COMMENT '模板内容',
  `last_modified` bigint(20) NOT NULL COMMENT '最后修改时间',
  `is_directory` tinyint(1) NOT NULL DEFAULT '0' COMMENT '是否目录',
  PRIMARY KEY (`tpl_name`)
) ENGINE=InnoDB DEFAULT CHARSET=utf8 COMMENT='模板表';

-- ----------------------------
-- Records of jo_template
-- ----------------------------

-- ----------------------------
-- Table structure for jo_upload
-- ----------------------------
DROP TABLE IF EXISTS `jo_upload`;
CREATE TABLE `jo_upload` (
  `filename` varchar(150) NOT NULL COMMENT '文件名',
  `length` int(11) NOT NULL COMMENT '文件大小(字节)',
  `last_modified` bigint(20) NOT NULL COMMENT '最后修改时间',
  `content` longblob NOT NULL COMMENT '内容',
  PRIMARY KEY (`filename`)
) ENGINE=InnoDB DEFAULT CHARSET=utf8 COMMENT='上传附件表';

-- ----------------------------
-- Records of jo_upload
-- ----------------------------

-- ----------------------------
-- Table structure for jo_user
-- ----------------------------
DROP TABLE IF EXISTS `jo_user`;
CREATE TABLE `jo_user` (
  `user_id` int(11) NOT NULL AUTO_INCREMENT COMMENT '用户ID',
  `username` varchar(100) NOT NULL COMMENT '用户名',
  `email` varchar(100) DEFAULT NULL COMMENT '电子邮箱',
  `password` char(32) NOT NULL COMMENT '密码',
  `register_time` datetime NOT NULL COMMENT '注册时间',
  `register_ip` varchar(50) NOT NULL DEFAULT '127.0.0.1' COMMENT '注册IP',
  `last_login_time` datetime NOT NULL COMMENT '最后登录时间',
  `last_login_ip` varchar(50) NOT NULL DEFAULT '127.0.0.1' COMMENT '最后登录IP',
  `login_count` int(11) NOT NULL DEFAULT '0' COMMENT '登录次数',
  `reset_key` char(32) DEFAULT NULL COMMENT '重置密码KEY',
  `reset_pwd` varchar(10) DEFAULT NULL COMMENT '重置密码VALUE',
  `error_time` datetime DEFAULT NULL COMMENT '登录错误时间',
  `error_count` int(11) NOT NULL DEFAULT '0' COMMENT '登录错误次数',
  `error_ip` varchar(50) DEFAULT NULL COMMENT '登录错误IP',
  `activation` tinyint(1) NOT NULL DEFAULT '1' COMMENT '激活状态',
  `activation_code` char(32) DEFAULT NULL COMMENT '激活码',
  `encrypt` char(6) DEFAULT NULL,
  PRIMARY KEY (`user_id`),
  UNIQUE KEY `ak_username` (`username`)
) ENGINE=InnoDB AUTO_INCREMENT=2 DEFAULT CHARSET=utf8 COMMENT='用户表';

-- ----------------------------
-- Records of jo_user
-- ----------------------------
INSERT INTO `jo_user` VALUES ('1', 'admin', 'admin@yahoo.com', 'd3de6f66a4e3fd3224115afeaca98448', '2011-01-03 00:00:00', '127.0.0.1', '2014-10-31 18:01:55', '0:0:0:0:0:0:0:1', '485', null, null, null, '0', null, '1', null, null);
